flare_id,peak_utc,start_utc,class,log_peak,log_fluence,log_rise_min,log_background,has_location,lon,lat,sep,sep_pfu,onset_hours
202207082007,2022-07-08T20:49:00Z,2022-07-08T20:07:00Z,M2.5,-4.5926,-1.4272,1.6232,-6.0784,1,-41.59,19.06,0,0.0,
202207102330,2022-07-10T23:43:00Z,2022-07-10T23:30:00Z,M1.2,-4.8867,-2.2461,1.1139,-5.8111,1,-61.28,-14.48,0,0.0,
202207110908,2022-07-11T09:19:00Z,2022-07-11T09:08:00Z,M1.1,-4.9422,-2.3211,1.0414,-5.9172,1,-58.37,-15.71,0,0.0,
202207140422,2022-07-14T04:31:00Z,2022-07-14T04:22:00Z,M1.2,-4.9011,-2.2964,0.9542,-5.7554,1,-69.36,16.43,0,0.0,
202207142142,2022-07-14T21:48:00Z,2022-07-14T21:42:00Z,M2.8,-4.5424,-2.0631,0.7782,-5.8715,1,-64.22,16.3,0,0.0,
202207160616,2022-07-16T06:29:00Z,2022-07-16T06:16:00Z,M1.1,-4.9503,-2.1898,1.1139,-5.775,1,-20.46,17.43,0,0.0,
202207161533,2022-07-16T15:39:00Z,2022-07-16T15:33:00Z,M1.4,-4.8519,-2.3517,0.7782,-5.7644,1,53.9,-15.18,0,0.0,
202209122337,2022-09-12T23:44:00Z,2022-09-12T23:37:00Z,M1.7,-4.7467,-2.3514,0.8451,-5.6394,1,42.75,18.57,0,0.0,
202209140942,2022-09-14T10:19:00Z,2022-09-14T09:42:00Z,M1.0,-4.9624,-1.7999,1.5682,-5.6485,1,62.64,22.83,0,0.0,
202209161549,2022-09-16T15:59:00Z,2022-09-16T15:49:00Z,M6.1,-4.2116,-1.4915,1.0,-5.8963,0,,,0,0.0,
202209171242,2022-09-17T13:19:00Z,2022-09-17T12:42:00Z,M1.0,-4.9699,-1.8365,1.5682,-6.0299,0,,,0,0.0,
202209171321,2022-09-17T13:39:00Z,2022-09-17T13:21:00Z,M1.9,-4.7173,-1.6996,1.2553,-4.9743,0,,,0,0.0,
202209172032,2022-09-17T20:41:00Z,2022-09-17T20:32:00Z,M2.5,-4.5874,-1.8937,0.9542,-5.7611,0,,,0,0.0,
202209300346,2022-09-30T04:01:00Z,2022-09-30T03:46:00Z,M1.0,-4.9806,-2.1592,1.1761,-5.6618,1,-74.98,26.43,0,0.0,
202209301610,2022-09-30T16:22:00Z,2022-09-30T16:10:00Z,M2.9,-4.5318,-1.8681,1.0792,-5.6972,1,-78.62,22.37,0,0.0,
202209301730,2022-09-30T17:34:00Z,2022-09-30T17:30:00Z,M1.3,-4.8604,-2.3459,0.6021,-5.4947,1,-73.1,25.71,0,0.0,
202210012002,2022-10-01T20:10:00Z,2022-10-01T20:02:00Z,M5.8,-4.2358,-1.6148,0.9031,-6.792,1,38.62,17.44,0,0.0,
202210020208,2022-10-02T02:21:00Z,2022-10-02T02:08:00Z,M8.6,-4.0615,-1.5132,1.1139,-5.6178,1,42.25,17.58,0,0.0,
202210021352,2022-10-02T14:05:00Z,2022-10-02T13:52:00Z,M1.2,-4.8987,-2.0632,1.1139,-5.5552,1,-65.47,24.18,0,0.0,
202210021534,2022-10-02T15:45:00Z,2022-10-02T15:34:00Z,M1.0,-4.9728,-2.2287,1.0414,-5.5847,0,,,0,0.0,
202210021953,2022-10-02T20:25:00Z,2022-10-02T19:53:00Z,X1.0,-3.9787,-1.2031,1.5051,-5.3503,1,24.05,21.1,0,0.0,
202210030219,2022-10-03T02:33:00Z,2022-10-03T02:19:00Z,M2.5,-4.5851,-1.8859,1.1461,-5.5789,1,-59.83,23.74,0,0.0,
202210030938,2022-10-03T10:11:00Z,2022-10-03T09:38:00Z,M4.1,-4.3802,-1.3111,1.5185,-5.4014,1,59.71,17.43,0,0.0,
202210031103,2022-10-03T11:11:00Z,2022-10-03T11:03:00Z,M1.5,-4.8208,-2.0938,0.9031,-5.2405,1,63.68,17.65,0,0.0,
202210031520,2022-10-03T15:30:00Z,2022-10-03T15:20:00Z,M1.6,-4.773,-2.1092,1.0,-5.5624,1,-51.14,23.42,0,0.0,
202210031958,2022-10-03T20:28:00Z,2022-10-03T19:58:00Z,M1.2,-4.8996,-1.7489,1.4771,-5.3409,1,66.94,16.98,0,0.0,
202210032113,2022-10-03T21:22:00Z,2022-10-03T21:13:00Z,M1.7,-4.7498,-2.0254,0.9542,-5.2234,1,38.85,20.5,0,0.0,
202210041249,2022-10-04T13:15:00Z,2022-10-04T12:49:00Z,M1.5,-4.7971,-1.8249,1.415,-5.6113,1,69.19,17.43,0,0.0,
202210071421,2022-10-07T14:44:00Z,2022-10-07T14:21:00Z,M1.0,-4.9978,-1.8923,1.3617,-5.3503,1,-5.38,31.25,0,0.0,
202210100035,2022-10-10T00:47:00Z,2022-10-10T00:35:00Z,M1.0,-4.9644,-2.0734,1.0792,-5.1892,1,27.71,24.03,0,0.0,
202210101605,2022-10-10T16:28:00Z,2022-10-10T16:05:00Z,M2.3,-4.6206,-1.6527,1.3617,-5.5264,1,35.66,22.2,0,0.0,
202210111046,2022-10-11T10:52:00Z,2022-10-11T10:46:00Z,M1.5,-4.8193,-2.3919,0.7782,-6.0182,1,37.39,23.8,0,0.0,
202210122354,2022-10-13T00:19:00Z,2022-10-12T23:54:00Z,M1.5,-4.8131,-1.9342,1.3979,-6.0615,1,67.39,22.28,0,0.0,
202210140920,2022-10-14T09:44:00Z,2022-10-14T09:20:00Z,M1.3,-4.8804,-1.9313,1.3802,-6.0258,0,,,0,0.0,
202210140951,2022-10-14T09:55:00Z,2022-10-14T09:51:00Z,M1.3,-4.884,-2.2074,0.6021,-4.8911,0,,,0,0.0,
202211062359,2022-11-07T00:11:00Z,2022-11-06T23:59:00Z,M5.2,-4.2837,-1.6697,1.0792,-5.9846,1,-53.12,12.51,0,0.0,
202211110700,2022-11-11T07:14:00Z,2022-11-11T07:00:00Z,M1.2,-4.9084,-2.2819,1.1461,-6.1903,1,9.38,11.52,0,0.0,
202211111132,2022-11-11T11:40:00Z,2022-11-11T11:32:00Z,M1.2,-4.9161,-2.387,0.9031,-6.0705,1,12.37,11.78,0,0.0,
202211120009,2022-11-12T00:18:00Z,2022-11-12T00:09:00Z,M1.1,-4.9349,-2.3596,0.9542,-6.18,1,21.02,14.44,0,0.0,
202211150242,2022-11-15T02:51:00Z,2022-11-15T02:42:00Z,M1.0,-4.9751,-2.5401,0.9542,-5.952,1,63.42,20.93,0,0.0,
202211191242,2022-11-19T12:56:00Z,2022-11-19T12:42:00Z,M1.5,-4.7976,-2.026,1.1461,-5.9224,1,51.44,18.97,0,0.0,
202212010704,2022-12-01T07:21:00Z,2022-12-01T07:04:00Z,M1.0,-4.9637,-2.2182,1.2304,-6.0809,1,32.03,26.85,0,0.0,
202212031735,2022-12-03T17:41:00Z,2022-12-03T17:35:00Z,M1.2,-4.8901,-2.6067,0.7782,-6.0399,1,-72.92,14.45,0,0.0,
202212140730,2022-12-14T07:40:00Z,2022-12-14T07:30:00Z,M2.4,-4.6136,-1.8772,1.0,-5.2147,1,40.4,-19.39,0,0.0,
202212140824,2022-12-14T08:31:00Z,2022-12-14T08:24:00Z,M1.1,-4.9314,-2.2163,0.8451,-5.3247,0,,,0,0.0,
202212140920,2022-12-14T09:27:00Z,2022-12-14T09:20:00Z,M1.3,-4.8602,-2.217,0.8451,-5.5664,1,41.46,-18.95,0,0.0,
202212141145,2022-12-14T11:59:00Z,2022-12-14T11:45:00Z,M1.1,-4.9331,-2.1213,1.1461,-5.6902,1,41.94,-19.7,0,0.0,
202212141224,2022-12-14T12:31:00Z,2022-12-14T12:24:00Z,M4.0,-4.3905,-1.8306,0.8451,-5.2495,1,44.52,-18.48,0,0.0,
202212141431,2022-12-14T14:42:00Z,2022-12-14T14:31:00Z,M6.2,-4.2016,-1.6331,1.0414,-5.7248,1,45.46,-19.16,0,0.0,
202212141454,2022-12-14T14:59:00Z,2022-12-14T14:54:00Z,M3.2,-4.4937,-1.8255,0.699,-4.6596,1,44.11,-19.35,0,0.0,
202212141703,2022-12-14T17:12:00Z,2022-12-14T17:03:00Z,M2.1,-4.6583,-2.0385,0.9542,-5.5984,1,47.23,-19.48,0,0.0,
202212142031,2022-12-14T20:50:00Z,2022-12-14T20:31:00Z,M1.3,-4.8782,-1.9991,1.2788,-5.5292,1,45.68,-19.85,0,0.0,
202212142052,2022-12-14T20:58:00Z,2022-12-14T20:52:00Z,M2.2,-4.6492,-1.9972,0.7782,-4.9242,1,45.79,-20.01,0,0.0,
202212142133,2022-12-14T21:39:00Z,2022-12-14T21:33:00Z,M1.3,-4.8814,-2.2625,0.7782,-5.3402,1,51.84,-19.56,0,0.0,
202212142145,2022-12-14T21:53:00Z,2022-12-14T21:45:00Z,M1.9,-4.7106,-1.932,0.9031,-4.9569,1,50.13,-20.16,0,0.0,
202212142157,2022-12-14T22:06:00Z,2022-12-14T21:57:00Z,M4.4,-4.3473,-1.5871,0.9542,-4.8008,1,50.27,-19.49,0,0.0,
202212150124,2022-12-15T01:37:00Z,2022-12-15T01:24:00Z,M1.6,-4.7932,-2.0314,1.1139,-5.3348,1,53.85,-18.72,0,0.0,
202212150655,2022-12-15T07:07:00Z,2022-12-15T06:55:00Z,M2.3,-4.6249,-1.8821,1.0792,-5.6255,1,53.07,-19.99,0,0.0,
202212150955,2022-12-15T10:16:00Z,2022-12-15T09:55:00Z,M1.5,-4.8206,-1.8613,1.3222,-5.4876,1,57.07,-16.74,0,0.0,
202212151023,2022-12-15T10:30:00Z,2022-12-15T10:23:00Z,M1.6,-4.79,-2.0071,0.8451,-4.8864,1,56.32,-15.23,0,0.0,
202212151558,2022-12-15T16:10:00Z,2022-12-15T15:58:00Z,M1.0,-4.9899,-2.1078,1.0792,-5.244,1,-46.6,18.5,0,0.0,
202212151635,2022-12-15T16:44:00Z,2022-12-15T16:35:00Z,M1.1,-4.955,-2.1728,0.9542,-5.3706,1,61.72,-21.14,0,0.0,
202212151647,2022-12-15T16:56:00Z,2022-12-15T16:47:00Z,M2.0,-4.6878,-1.8949,0.9542,-4.9698,1,51.39,-21.06,0,0.0,
202212152220,2022-12-15T22:40:00Z,2022-12-15T22:20:00Z,M5.6,-4.2451,-1.3223,1.301,-5.1862,1,64.65,-19.46,0,0.0,
202212160130,2022-12-16T02:01:00Z,2022-12-16T01:30:00Z,M3.5,-4.4536,-1.3734,1.4914,-5.4552,1,65.66,-17.93,0,0.0,
202212160442,2022-12-16T04:59:00Z,2022-12-16T04:42:00Z,M1.2,-4.9106,-2.0779,1.2304,-5.6497,1,-37.98,2.64,0,0.0,
202212160536,2022-12-16T05:48:00Z,2022-12-16T05:36:00Z,M1.3,-4.8629,-1.9815,1.0792,-5.2432,1,64.67,-21.74,0,0.0,
202212160630,2022-12-16T06:42:00Z,2022-12-16T06:30:00Z,M1.2,-4.9116,-2.0713,1.0792,-5.3189,1,74.12,-19.81,0,0.0,
202212160726,2022-12-16T07:38:00Z,2022-12-16T07:26:00Z,M1.6,-4.7809,-2.0165,1.0792,-5.4133,1,65.66,-19.33,0,0.0,
202212160855,2022-12-16T09:05:00Z,2022-12-16T08:55:00Z,M1.5,-4.8085,-2.1454,1.0,-5.5745,1,70.84,-18.82,0,0.0,
202212160933,2022-12-16T09:43:00Z,2022-12-16T09:33:00Z,M1.1,-4.9362,-2.0873,1.0,-5.11,0,,,0,0.0,
202212161002,2022-12-16T10:19:00Z,2022-12-16T10:02:00Z,M3.9,-4.4006,-1.662,1.2304,-5.2234,1,68.93,-19.12,0,0.0,
202212161424,2022-12-16T14:40:00Z,2022-12-16T14:24:00Z,M2.4,-4.6145,-1.8388,1.2041,-5.6775,1,78.95,-18.98,0,0.0,
202212161534,2022-12-16T15:40:00Z,2022-12-16T15:34:00Z,M1.2,-4.9025,-2.2066,0.7782,-5.1509,1,69.03,-20.27,0,0.0,
202212171939,2022-12-17T19:53:00Z,2022-12-17T19:39:00Z,M1.0,-4.9655,-2.2082,1.1461,-5.9282,1,-65.52,17.85,0,0.0,
202212201359,2022-12-20T14:06:00Z,2022-12-20T13:59:00Z,M1.1,-4.9424,-2.2415,0.8451,-5.2491,1,-45.01,21.23,0,0.0,
202212270046,2022-12-27T00:54:00Z,2022-12-27T00:46:00Z,M2.0,-4.6883,-2.0161,0.9031,-5.2265,1,-57.95,18.41,0,0.0,
202212270802,2022-12-27T08:15:00Z,2022-12-27T08:02:00Z,M1.0,-4.9772,-2.1319,1.1139,-5.5965,1,-57.0,18.07,0,0.0,
202212271615,2022-12-27T16:26:00Z,2022-12-27T16:15:00Z,M1.1,-4.9217,-2.2959,1.0414,-5.8289,1,42.63,18.97,0,0.0,
202212290632,2022-12-29T07:27:00Z,2022-12-29T06:32:00Z,M1.2,-4.9199,-1.6292,1.7404,-5.7422,0,,,0,0.0,
202212291811,2022-12-29T18:20:00Z,2022-12-29T18:11:00Z,M2.1,-4.6654,-2.0764,0.9542,-5.8046,1,-70.69,19.97,0,0.0,
202212291826,2022-12-29T18:33:00Z,2022-12-29T18:26:00Z,M2.4,-4.6176,-1.8533,0.8451,-4.7566,1,-79.94,19.85,0,0.0,
202212301524,2022-12-30T15:28:00Z,2022-12-30T15:24:00Z,M1.4,-4.8437,-2.472,0.6021,-5.7489,1,-7.79,18.23,0,0.0,
202212301926,2022-12-30T19:38:00Z,2022-12-30T19:26:00Z,M3.7,-4.4309,-1.8445,1.0792,-5.7502,1,-6.51,21.2,0,0.0,
202301060043,2023-01-06T00:57:00Z,2023-01-06T00:43:00Z,X1.2,-3.9208,-1.4802,1.1461,-5.9755,1,-66.49,-18.37,0,0.0,
202301070040,2023-01-07T00:52:00Z,2023-01-07T00:40:00Z,M1.6,-4.7914,-2.1122,1.0792,-5.7965,1,-65.31,-19.44,0,0.0,
202301080839,2023-01-08T08:54:00Z,2023-01-08T08:39:00Z,M1.2,-4.9193,-2.061,1.1761,-5.4576,1,-78.11,-13.96,0,0.0,
202301081451,2023-01-08T15:08:00Z,2023-01-08T14:51:00Z,M1.4,-4.8444,-1.9324,1.2304,-5.4454,1,-79.89,-14.51,0,0.0,
202301081902,2023-01-08T19:11:00Z,2023-01-08T19:02:00Z,M1.0,-4.9641,-2.0977,0.9542,-5.0376,0,,,0,0.0,
202301090051,2023-01-09T01:02:00Z,2023-01-09T00:51:00Z,M1.1,-4.9452,-2.0974,1.0414,-5.4173,1,-77.09,-13.87,0,0.0,
202301090845,2023-01-09T09:01:00Z,2023-01-09T08:45:00Z,M2.1,-4.6721,-1.9177,1.2041,-5.5426,1,14.18,-17.09,0,0.0,
202301091315,2023-01-09T13:22:00Z,2023-01-09T13:15:00Z,M1.0,-4.9915,-2.4129,0.8451,-5.7143,1,23.54,-18.14,0,0.0,
202301091837,2023-01-09T18:50:00Z,2023-01-09T18:37:00Z,X1.9,-3.71,-1.154,1.1139,-5.5109,1,-62.64,-11.04,0,0.0,
202301100009,2023-01-10T00:16:00Z,2023-01-10T00:09:00Z,M5.0,-4.2931,-1.7832,0.8451,-5.3621,1,-65.56,24.77,0,0.0,
202301100208,2023-01-10T02:16:00Z,2023-01-10T02:08:00Z,M1.0,-4.9693,-2.3096,0.9031,-5.4421,1,-67.28,-9.04,0,0.0,
202301100233,2023-01-10T02:41:00Z,2023-01-10T02:33:00Z,M2.6,-4.5734,-1.8808,0.9031,-5.2432,1,33.48,-16.86,0,0.0,
202301101059,2023-01-10T11:08:00Z,2023-01-10T10:59:00Z,M1.0,-4.9631,-2.3505,0.9542,-5.5842,1,-69.93,-11.97,0,0.0,
202301101717,2023-01-10T17:28:00Z,2023-01-10T17:17:00Z,M1.3,-4.8737,-2.1364,1.0414,-5.4778,1,-58.0,22.41,0,0.0,
202301101744,2023-01-10T17:48:00Z,2023-01-10T17:44:00Z,M1.2,-4.9061,-2.4656,0.6021,-5.434,1,-55.48,-12.05,0,0.0,
202301102239,2023-01-10T22:47:00Z,2023-01-10T22:39:00Z,X1.0,-3.9802,-1.6318,0.9031,-5.6669,1,-54.64,23.51,0,0.0,
202301110039,2023-01-11T00:59:00Z,2023-01-11T00:39:00Z,M2.4,-4.6109,-1.8034,1.301,-5.6314,1,-58.59,23.98,0,0.0,
202301110149,2023-01-11T01:56:00Z,2023-01-11T01:49:00Z,M5.6,-4.2515,-1.75,0.8451,-5.3301,1,-49.74,-11.59,0,0.0,
202301110531,2023-01-11T06:09:00Z,2023-01-11T05:31:00Z,M1.2,-4.8889,-1.6965,1.5798,-5.544,1,59.83,-16.41,0,0.0,
202301110826,2023-01-11T08:33:00Z,2023-01-11T08:26:00Z,M3.0,-4.509,-2.2588,0.8451,-5.6673,1,-49.15,23.92,0,0.0,
202301120553,2023-01-12T06:18:00Z,2023-01-12T05:53:00Z,M1.1,-4.9489,-1.8656,1.3979,-5.4765,1,-49.57,21.79,0,0.0,
202301120633,2023-01-12T06:46:00Z,2023-01-12T06:33:00Z,M1.5,-4.8021,-1.8879,1.1139,-5.0561,1,-50.21,23.51,0,0.0,
202301121108,2023-01-12T11:28:00Z,2023-01-12T11:08:00Z,M1.2,-4.913,-1.8954,1.301,-5.4544,0,,,0,0.0,
202301121439,2023-01-12T14:57:00Z,2023-01-12T14:39:00Z,M1.0,-4.9882,-2.0495,1.2553,-5.4839,1,8.69,-15.35,0,0.0,
202301121903,2023-01-12T19:13:00Z,2023-01-12T19:03:00Z,M1.0,-4.977,-2.1574,1.0,-5.2452,1,14.51,-12.87,0,0.0,
202301130253,2023-01-13T02:59:00Z,2023-01-13T02:53:00Z,M1.4,-4.8491,-2.2306,0.7782,-5.2002,1,-36.15,25.58,0,0.0,
202301131005,2023-01-13T10:15:00Z,2023-01-13T10:05:00Z,M3.9,-4.4042,-1.9115,1.0,-5.4183,1,87.02,-11.58,0,0.0,
202301142006,2023-01-14T20:21:00Z,2023-01-14T20:06:00Z,M3.5,-4.4483,-1.6132,1.1761,-5.3264,1,41.25,-16.75,0,0.0,
202301142037,2023-01-14T21:00:00Z,2023-01-14T20:37:00Z,M4.5,-4.341,-1.2736,1.3617,-4.7797,1,43.08,-16.52,0,0.0,
202301150308,2023-01-15T03:42:00Z,2023-01-15T03:08:00Z,M5.9,-4.2243,-1.1331,1.5315,-5.3468,1,-53.59,12.8,0,0.0,
202301151416,2023-01-15T14:31:00Z,2023-01-15T14:16:00Z,M4.8,-4.316,-1.5642,1.1761,-5.4586,1,-57.22,-15.93,0,0.0,
202301172316,2023-01-17T23:29:00Z,2023-01-17T23:16:00Z,M1.8,-4.7377,-2.0006,1.1139,-5.682,1,-24.72,-16.5,0,0.0,
202301181021,2023-01-18T10:35:00Z,2023-01-18T10:21:00Z,M1.7,-4.7459,-2.03,1.1461,-5.7126,1,-18.91,-15.24,0,0.0,
202301190400,2023-01-19T04:03:00Z,2023-01-19T04:00:00Z,M1.1,-4.9539,-2.5331,0.4771,-5.5337,1,-38.5,12.96,0,0.0,
202301191006,2023-01-19T10:12:00Z,2023-01-19T10:06:00Z,M1.7,-4.7565,-2.1702,0.7782,-5.688,1,-39.19,11.99,0,0.0,
202301221211,2023-01-22T12:26:00Z,2023-01-22T12:11:00Z,M1.1,-4.9436,-2.0118,1.1761,-5.217,1,43.74,-26.01,0,0.0,
202301221649,2023-01-22T17:02:00Z,2023-01-22T16:49:00Z,M1.6,-4.7931,-2.0736,1.1139,-5.6208,1,51.14,-23.77,0,0.0,
202301250937,2023-01-25T10:11:00Z,2023-01-25T09:37:00Z,M4.6,-4.3369,-1.1586,1.5315,-5.2198,0,,,0,0.0,
202301251642,2023-01-25T17:01:00Z,2023-01-25T16:42:00Z,M1.3,-4.8577,-1.8792,1.2788,-5.2861,1,75.7,4.15,0,0.0,
202301252223,2023-01-25T22:36:00Z,2023-01-25T22:23:00Z,M2.0,-4.6969,-1.9777,1.1139,-5.4892,0,,,0,0.0,
202301261253,2023-01-26T13:06:00Z,2023-01-26T12:53:00Z,M2.8,-4.5464,-1.8376,1.1139,-5.4319,0,,,0,0.0,
202302071333,2023-02-07T13:53:00Z,2023-02-07T13:33:00Z,M1.0,-4.994,-1.9185,1.301,-5.3675,1,-68.01,-11.89,0,0.0,
202302072001,2023-02-07T20:07:00Z,2023-02-07T20:01:00Z,M1.5,-4.7995,-2.2718,0.7782,-5.6138,1,-3.44,29.59,0,0.0,
202302072246,2023-02-07T22:58:00Z,2023-02-07T22:46:00Z,M3.8,-4.4129,-1.7507,1.0792,-5.3699,1,-0.2,28.15,0,0.0,
202302080245,2023-02-08T02:53:00Z,2023-02-08T02:45:00Z,M2.0,-4.6893,-2.1897,0.9031,-5.4552,1,0.76,30.58,0,0.0,
202302081528,2023-02-08T16:03:00Z,2023-02-08T15:28:00Z,M1.6,-4.7917,-1.6326,1.5441,-5.6973,1,-4.77,19.36,0,0.0,
202302081956,2023-02-08T20:12:00Z,2023-02-08T19:56:00Z,M1.5,-4.812,-1.8814,1.2041,-5.4274,0,,,0,0.0,
202302082103,2023-02-08T21:13:00Z,2023-02-08T21:03:00Z,M1.7,-4.7686,-1.9499,1.0,-5.0474,1,13.12,32.32,0,0.0,
202302082121,2023-02-08T21:37:00Z,2023-02-08T21:21:00Z,M1.7,-4.7593,-1.7277,1.2041,-4.8721,1,23.34,37.95,0,0.0,
202302090245,2023-02-09T03:10:00Z,2023-02-09T02:45:00Z,M3.0,-4.5157,-1.6406,1.3979,-5.4659,1,-25.52,8.45,0,0.0,
202302090711,2023-02-09T07:17:00Z,2023-02-09T07:11:00Z,M1.0,-4.9601,-2.3894,0.7782,-5.2779,1,-54.98,-6.94,0,0.0,
202302090849,2023-02-09T09:07:00Z,2023-02-09T08:49:00Z,M2.8,-4.5486,-1.6657,1.2553,-5.5507,1,-77.87,-11.65,0,0.0,
202302091444,2023-02-09T14:56:00Z,2023-02-09T14:44:00Z,M1.4,-4.8251,-2.0822,1.0792,-5.3527,1,17.95,28.89,0,0.0,
202302091514,2023-02-09T15:26:00Z,2023-02-09T15:14:00Z,M1.4,-4.8439,-1.932,1.0792,-5.0358,0,,,0,0.0,
202302091818,2023-02-09T18:42:00Z,2023-02-09T18:18:00Z,M1.8,-4.7427,-1.6473,1.3802,-5.216,1,17.71,27.06,0,0.0,
202302100245,2023-02-10T03:03:00Z,2023-02-10T02:45:00Z,M3.6,-4.4327,-1.6238,1.2553,-5.6397,1,24.22,29.01,0,0.0,
202302100802,2023-02-10T08:05:00Z,2023-02-10T08:02:00Z,M1.3,-4.857,-2.4563,0.4771,-5.388,1,28.17,30.27,0,0.0,
202302101435,2023-02-10T14:55:00Z,2023-02-10T14:35:00Z,M1.1,-4.9267,-1.9745,1.301,-5.4586,1,34.66,28.2,0,0.0,
202302102234,2023-02-10T22:41:00Z,2023-02-10T22:34:00Z,M1.2,-4.9019,-2.2326,0.8451,-5.4614,1,-64.95,-15.49,0,0.0,
202302110759,2023-02-11T08:08:00Z,2023-02-11T07:59:00Z,M2.2,-4.6431,-1.8913,0.9542,-5.0342,1,72.76,7.51,0,0.0,
202302111042,2023-02-11T10:58:00Z,2023-02-11T10:42:00Z,M1.0,-4.9783,-2.107,1.2041,-5.5047,1,-41.46,-10.08,0,0.0,
202302111129,2023-02-11T11:34:00Z,2023-02-11T11:29:00Z,M1.4,-4.8308,-2.2328,0.699,-5.1524,1,26.98,23.11,0,0.0,
202302111202,2023-02-11T12:09:00Z,2023-02-11T12:02:00Z,M1.5,-4.8175,-2.1014,0.8451,-5.0448,1,-60.31,-10.55,0,0.0,
202302111540,2023-02-11T15:48:00Z,2023-02-11T15:40:00Z,X1.1,-3.9406,-1.4494,0.9031,-5.4027,1,-35.95,-7.0,0,0.0,
202302111711,2023-02-11T17:23:00Z,2023-02-11T17:11:00Z,M1.4,-4.8474,-2.0844,1.0792,-5.3792,1,73.35,8.78,0,0.0,
202302120835,2023-02-12T08:48:00Z,2023-02-12T08:35:00Z,M3.1,-4.5003,-1.8846,1.1139,-5.482,1,-28.02,-8.01,0,0.0,
202302120911,2023-02-12T09:27:00Z,2023-02-12T09:11:00Z,M1.4,-4.839,-1.8725,1.2041,-5.1918,1,-29.99,-7.54,0,0.0,
202302121323,2023-02-12T13:34:00Z,2023-02-12T13:23:00Z,M1.2,-4.9145,-2.1736,1.0414,-5.4357,0,,,0,0.0,
202302121533,2023-02-12T15:38:00Z,2023-02-12T15:33:00Z,M1.0,-4.9649,-2.4059,0.699,-5.5817,1,-25.92,-8.06,0,0.0,
202302130504,2023-02-13T05:18:00Z,2023-02-13T05:04:00Z,M1.0,-4.9625,-2.0713,1.1461,-5.3353,1,-66.6,11.66,0,0.0,
202302131549,2023-02-13T15:56:00Z,2023-02-13T15:49:00Z,M1.4,-4.8427,-2.1598,0.8451,-5.2489,1,-29.16,11.44,0,0.0,
202302140157,2023-02-14T02:03:00Z,2023-02-14T01:57:00Z,M1.8,-4.7422,-2.2747,0.7782,-5.7579,1,-30.09,11.81,0,0.0,
202302141159,2023-02-14T12:12:00Z,2023-02-14T11:59:00Z,M2.6,-4.5745,-1.9033,1.1139,-5.7755,0,,,0,0.0,
202302150433,2023-02-15T04:47:00Z,2023-02-15T04:33:00Z,M1.1,-4.9558,-2.0944,1.1461,-5.355,1,70.66,27.65,0,0.0,
202302150516,2023-02-15T05:23:00Z,2023-02-15T05:16:00Z,M2.0,-4.6936,-1.993,0.8451,-5.1638,0,,,0,0.0,
202302150642,2023-02-15T07:05:00Z,2023-02-15T06:42:00Z,M1.3,-4.8627,-1.9303,1.3617,-5.5003,0,,,0,0.0,
202302152105,2023-02-15T21:14:00Z,2023-02-15T21:05:00Z,M1.0,-4.9686,-2.4371,0.9542,-5.8368,1,78.62,28.42,0,0.0,
202302160019,2023-02-16T00:32:00Z,2023-02-16T00:19:00Z,M1.0,-4.9615,-2.2673,1.1139,-5.8332,1,-78.14,25.26,0,0.0,
202302171956,2023-02-17T20:16:00Z,2023-02-17T19:56:00Z,X2.2,-3.6486,-0.6978,1.301,-4.8031,1,-61.93,26.89,0,0.0,
202302201447,2023-02-20T14:58:00Z,2023-02-20T14:47:00Z,M4.3,-4.3579,-1.8669,1.0414,-5.7596,1,-70.52,26.09,0,0.0,
202302211105,2023-02-21T11:11:00Z,2023-02-21T11:05:00Z,M1.5,-4.8077,-2.2083,0.7782,-5.3914,1,-42.4,21.83,0,0.0,
202302211114,2023-02-21T11:23:00Z,2023-02-21T11:14:00Z,M4.7,-4.3262,-1.5625,0.9542,-4.8809,1,-62.71,26.64,0,0.0,
202302211957,2023-02-21T20:17:00Z,2023-02-21T19:57:00Z,M5.0,-4.2982,-1.4946,1.301,-5.4397,1,-60.12,27.06,0,0.0,
202302220451,2023-02-22T05:12:00Z,2023-02-22T04:51:00Z,M1.3,-4.8556,-1.8866,1.3222,-5.7124,1,-58.91,27.25,0,0.0,
202302221336,2023-02-22T13:50:00Z,2023-02-22T13:36:00Z,M2.6,-4.5768,-1.9087,1.1461,-5.7507,1,-50.62,27.12,0,0.0,
202302230611,2023-02-23T06:14:00Z,2023-02-23T06:11:00Z,M1.5,-4.8186,-2.4388,0.4771,-5.6709,1,-19.84,20.07,0,0.0,
202302230832,2023-02-23T08:48:00Z,2023-02-23T08:32:00Z,M1.0,-4.9937,-2.075,1.2041,-5.5296,1,-40.79,26.04,0,0.0,
202302230852,2023-02-23T09:01:00Z,2023-02-23T08:52:00Z,M1.2,-4.8975,-2.041,0.9542,-5.0049,1,-41.87,26.6,0,0.0,
202302241711,2023-02-24T17:15:00Z,2023-02-24T17:11:00Z,M1.1,-4.9261,-2.5104,0.6021,-5.7733,1,-0.5,20.32,0,0.0,
202302242004,2023-02-24T20:30:00Z,2023-02-24T20:04:00Z,M3.6,-4.4318,-1.5368,1.415,-5.7663,1,24.5,26.37,0,0.0,
202302251530,2023-02-25T15:40:00Z,2023-02-25T15:30:00Z,M1.0,-4.9679,-2.4587,1.0,-6.0111,1,0.84,-23.12,0,0.0,
202302251840,2023-02-25T19:44:00Z,2023-02-25T18:40:00Z,M6.2,-4.2013,-1.0571,1.8062,-5.9678,1,43.63,23.92,1,58.0,1.43
202302281735,2023-02-28T17:50:00Z,2023-02-28T17:35:00Z,M8.5,-4.0691,-1.3154,1.1761,-5.7034,1,31.09,27.41,0,0.0,
202303010056,2023-03-01T01:07:00Z,2023-03-01T00:56:00Z,M1.0,-4.9864,-2.331,1.0414,-5.7316,1,29.61,23.12,0,0.0,
202303022059,2023-03-02T21:16:00Z,2023-03-02T20:59:00Z,M3.8,-4.4179,-1.6499,1.2304,-5.7241,1,65.39,20.76,0,0.0,
202303031008,2023-03-03T10:32:00Z,2023-03-03T10:08:00Z,M3.2,-4.4864,-1.5419,1.3802,-5.4787,1,78.37,22.14,0,0.0,
202303031740,2023-03-03T17:52:00Z,2023-03-03T17:40:00Z,X2.0,-3.691,-1.2109,1.0792,-5.7323,0,,,0,0.0,
202303040706,2023-03-04T07:10:00Z,2023-03-04T07:06:00Z,M1.0,-4.983,-2.5433,0.6021,-5.5767,1,37.4,15.42,0,0.0,
202303041334,2023-03-04T13:42:00Z,2023-03-04T13:34:00Z,M1.2,-4.9174,-2.2422,0.9031,-5.3807,1,-28.47,9.75,0,0.0,
202303041519,2023-03-04T15:57:00Z,2023-03-04T15:19:00Z,M5.2,-4.2827,-1.0978,1.5798,-5.1701,0,,,0,0.0,
202303050240,2023-03-05T02:52:00Z,2023-03-05T02:40:00Z,M1.3,-4.8788,-2.1984,1.0792,-5.6766,1,53.76,16.88,0,0.0,
202303051624,2023-03-05T16:41:00Z,2023-03-05T16:24:00Z,M1.0,-4.9747,-2.0701,1.2304,-5.4334,1,-21.67,11.91,0,0.0,
202303051653,2023-03-05T17:01:00Z,2023-03-05T16:53:00Z,M1.0,-4.9867,-2.1692,0.9031,-5.0783,1,-27.33,11.89,0,0.0,
202303052129,2023-03-05T21:35:00Z,2023-03-05T21:29:00Z,M5.0,-4.3007,-1.7793,0.7782,-5.6545,1,63.72,19.02,0,0.0,
202303060208,2023-03-06T02:28:00Z,2023-03-06T02:08:00Z,M5.7,-4.2403,-1.4451,1.301,-5.7792,1,65.72,18.52,0,0.0,
202303061725,2023-03-06T17:50:00Z,2023-03-06T17:25:00Z,M1.0,-4.9855,-1.8984,1.3979,-5.6617,1,-23.52,12.89,0,0.0,
202303080956,2023-03-08T10:12:00Z,2023-03-08T09:56:00Z,M1.1,-4.9266,-1.992,1.2041,-5.8208,1,4.92,8.25,0,0.0,
202303082235,2023-03-08T22:44:00Z,2023-03-08T22:35:00Z,M1.3,-4.8696,-2.3231,0.9542,-5.9223,1,-13.0,-23.07,0,0.0,
202303171504,2023-03-17T15:07:00Z,2023-03-17T15:04:00Z,M1.0,-4.9665,-2.5467,0.4771,-5.3983,1,75.42,-20.06,0,0.0,
202303200119,2023-03-20T01:47:00Z,2023-03-20T01:19:00Z,M1.2,-4.894,-1.738,1.4472,-5.3994,1,-55.83,-19.93,0,0.0,
202303290221,2023-03-29T02:33:00Z,2023-03-29T02:21:00Z,X1.2,-3.9013,-1.3756,1.0792,-5.5532,1,59.76,-19.01,0,0.0,
202303291348,2023-03-29T14:07:00Z,2023-03-29T13:48:00Z,M1.2,-4.9023,-2.1008,1.2788,-5.9599,1,68.76,-22.45,0,0.0,
202303292334,2023-03-29T23:47:00Z,2023-03-29T23:34:00Z,M1.1,-4.9333,-2.3239,1.1139,-6.0761,1,72.14,-21.62,0,0.0,
202303300724,2023-03-30T07:37:00Z,2023-03-30T07:24:00Z,M5.3,-4.2717,-1.6737,1.1139,-5.8663,1,78.31,-22.09,0,0.0,
202304060535,2023-04-06T05:53:00Z,2023-04-06T05:35:00Z,M2.9,-4.5256,-1.6859,1.2553,-6.0011,1,-81.21,-20.53,0,0.0,
202304080138,2023-04-08T01:46:00Z,2023-04-08T01:38:00Z,M2.8,-4.5412,-2.0097,0.9031,-5.9926,1,-57.11,-16.53,0,0.0,
202304100510,2023-04-10T05:20:00Z,2023-04-10T05:10:00Z,M2.8,-4.5478,-1.8877,1.0,-5.8216,1,-71.88,-19.52,0,0.0,
202304110951,2023-04-11T10:16:00Z,2023-04-11T09:51:00Z,M1.3,-4.8634,-2.0794,1.3979,-6.0022,1,-18.45,-19.0,0,0.0,
202304141610,2023-04-14T16:18:00Z,2023-04-14T16:10:00Z,M1.1,-4.9559,-2.3287,0.9031,-5.7569,1,-47.52,10.25,0,0.0,
202304142319,2023-04-14T23:27:00Z,2023-04-14T23:19:00Z,M1.5,-4.8219,-2.3458,0.9031,-5.6403,1,-48.36,12.61,0,0.0,
202304211744,2023-04-21T18:12:00Z,2023-04-21T17:44:00Z,M1.7,-4.7556,-1.7692,1.4472,-5.9958,1,11.05,-22.65,1,26.0,48.05
202304271104,2023-04-27T11:14:00Z,2023-04-27T11:04:00Z,M1.8,-4.7339,-2.2959,1.0,-6.2642,1,-4.91,-21.28,0,0.0,
202304301956,2023-04-30T20:28:00Z,2023-04-30T19:56:00Z,M2.4,-4.6151,-1.5886,1.5051,-5.8488,1,-77.76,13.61,0,0.0,
202305010055,2023-05-01T01:21:00Z,2023-05-01T00:55:00Z,M1.1,-4.9336,-2.0249,1.415,-5.6559,1,10.12,-13.54,0,0.0,
202305011302,2023-05-01T13:09:00Z,2023-05-01T13:02:00Z,M7.1,-4.1475,-1.9317,0.8451,-5.845,1,45.79,-21.24,0,0.0,
202305030915,2023-05-03T09:27:00Z,2023-05-03T09:15:00Z,M4.2,-4.3672,-1.7698,1.0792,-5.2904,1,-39.18,15.53,0,0.0,
202305031003,2023-05-03T10:14:00Z,2023-05-03T10:03:00Z,M3.1,-4.5053,-1.8967,1.0414,-5.3801,1,-41.17,15.47,0,0.0,
202305031036,2023-05-03T10:45:00Z,2023-05-03T10:36:00Z,M7.2,-4.1387,-1.6514,0.9542,-5.0613,1,-39.74,15.77,0,0.0,
202305031224,2023-05-03T12:35:00Z,2023-05-03T12:24:00Z,M1.7,-4.7474,-2.1365,1.0414,-5.6327,1,-39.14,14.73,0,0.0,
202305031343,2023-05-03T13:50:00Z,2023-05-03T13:43:00Z,M2.2,-4.655,-2.1556,0.8451,-5.7098,1,-39.15,14.04,0,0.0,
202305040805,2023-05-04T08:44:00Z,2023-05-04T08:05:00Z,M3.9,-4.407,-1.343,1.5911,-5.8192,1,-44.59,15.68,0,0.0,
202305050730,2023-05-05T08:01:00Z,2023-05-05T07:30:00Z,M2.0,-4.6804,-1.5227,1.4914,-5.2046,1,-29.59,16.07,0,0.0,
202305051518,2023-05-05T15:31:00Z,2023-05-05T15:18:00Z,M1.2,-4.9117,-2.2008,1.1139,-5.6169,1,-30.15,14.4,0,0.0,
202305072140,2023-05-07T22:34:00Z,2023-05-07T21:40:00Z,M1.5,-4.8153,-1.5819,1.7324,-5.8729,1,5.54,15.07,0,0.0,
202305072253,2023-05-07T23:23:00Z,2023-05-07T22:53:00Z,M1.6,-4.788,-1.5085,1.4771,-4.8715,1,4.93,15.5,1,38.0,13.28
202305082011,2023-05-08T20:25:00Z,2023-05-08T20:11:00Z,M2.2,-4.6392,-1.944,1.1461,-5.7201,1,16.62,13.29,0,0.0,
202305090342,2023-05-09T03:54:00Z,2023-05-09T03:42:00Z,M6.5,-4.1869,-1.6126,1.0792,-5.5737,1,28.44,15.68,0,0.0,
202305090555,2023-05-09T06:13:00Z,2023-05-09T05:55:00Z,M1.2,-4.9022,-2.1848,1.2553,-5.761,1,24.74,11.93,0,0.0,
202305091000,2023-05-09T10:20:00Z,2023-05-09T10:00:00Z,M1.3,-4.8651,-1.9798,1.301,-5.748,1,30.53,13.71,0,0.0,
202305091820,2023-05-09T18:58:00Z,2023-05-09T18:20:00Z,M4.2,-4.3713,-1.2534,1.5798,-5.6354,1,32.32,15.86,0,0.0,
202305101411,2023-05-10T14:21:00Z,2023-05-10T14:11:00Z,M2.2,-4.6493,-1.9881,1.0,-5.714,1,46.05,12.83,0,0.0,
202305110847,2023-05-11T09:01:00Z,2023-05-11T08:47:00Z,M2.1,-4.6619,-1.9234,1.1461,-5.9369,1,40.67,-6.16,0,0.0,
202305111814,2023-05-11T18:29:00Z,2023-05-11T18:14:00Z,M1.8,-4.728,-2.0122,1.1761,-5.7386,1,44.63,-5.2,0,0.0,
202305161631,2023-05-16T16:43:00Z,2023-05-16T16:31:00Z,M9.4,-4.0225,-1.4192,1.0792,-5.9952,1,-70.44,-20.79,0,0.0,
202305180613,2023-05-18T06:26:00Z,2023-05-18T06:13:00Z,M1.0,-4.9938,-2.3116,1.1139,-5.856,1,-72.73,17.19,0,0.0,
202305180648,2023-05-18T06:55:00Z,2023-05-18T06:48:00Z,M1.2,-4.8943,-2.2969,0.8451,-5.4522,1,-77.01,19.43,0,0.0,
202305181132,2023-05-18T11:47:00Z,2023-05-18T11:32:00Z,M2.2,-4.6531,-1.8659,1.1761,-5.4653,1,-77.23,19.54,0,0.0,
202305181200,2023-05-18T12:13:00Z,2023-05-18T12:00:00Z,M1.9,-4.7181,-1.7671,1.1139,-4.8468,0,,,0,0.0,
202305181239,2023-05-18T12:49:00Z,2023-05-18T12:39:00Z,M1.6,-4.7774,-1.9198,1.0,-4.9467,1,-64.29,16.61,0,0.0,
202305181732,2023-05-18T17:51:00Z,2023-05-18T17:32:00Z,M1.1,-4.9566,-2.0706,1.2788,-5.6118,1,-79.61,18.62,0,0.0,
202305182012,2023-05-18T20:23:00Z,2023-05-18T20:12:00Z,M3.8,-4.4177,-1.9421,1.0414,-5.7064,1,-67.69,19.53,0,0.0,
202305182051,2023-05-18T21:05:00Z,2023-05-18T20:51:00Z,M4.4,-4.3508,-1.4146,1.1461,-4.6384,1,-72.84,19.03,0,0.0,
202305190041,2023-05-19T00:48:00Z,2023-05-19T00:41:00Z,M5.3,-4.274,-1.7013,0.8451,-5.4673,1,-70.16,19.83,0,0.0,
202305190305,2023-05-19T03:12:00Z,2023-05-19T03:05:00Z,M1.6,-4.7951,-2.0814,0.8451,-5.3271,1,-70.05,18.07,0,0.0,
202305190449,2023-05-19T05:00:00Z,2023-05-19T04:49:00Z,M2.5,-4.5994,-1.9473,1.0414,-5.5967,1,-57.31,16.93,0,0.0,
202305191945,2023-05-19T20:06:00Z,2023-05-19T19:45:00Z,M2.2,-4.6383,-1.7121,1.3222,-5.4889,1,-60.78,19.11,0,0.0,
202305192014,2023-05-19T20:26:00Z,2023-05-19T20:14:00Z,M2.7,-4.5642,-1.6759,1.0792,-4.7771,1,-63.16,18.78,0,0.0,
202305200649,2023-05-20T07:02:00Z,2023-05-20T06:49:00Z,M1.0,-4.9737,-2.1037,1.1139,-5.4327,1,-53.85,18.94,0,0.0,
202305200716,2023-05-20T07:32:00Z,2023-05-20T07:16:00Z,M6.4,-4.1924,-1.5131,1.2041,-5.2663,1,-58.61,19.32,0,0.0,
202305200918,2023-05-20T09:27:00Z,2023-05-20T09:18:00Z,M1.1,-4.9566,-2.1523,0.9542,-5.1453,1,-16.69,-30.38,0,0.0,
202305201048,2023-05-20T10:54:00Z,2023-05-20T10:48:00Z,M1.6,-4.7919,-2.1825,0.7782,-5.4582,1,-57.22,19.3,0,0.0,
202305201225,2023-05-20T12:35:00Z,2023-05-20T12:25:00Z,M8.8,-4.053,-1.6058,1.0,-5.5393,1,-52.31,19.65,0,0.0,
202305201454,2023-05-20T15:00:00Z,2023-05-20T14:54:00Z,M5.6,-4.2511,-1.7988,0.7782,-5.3475,1,-52.33,18.89,0,0.0,
202305201857,2023-05-20T19:03:00Z,2023-05-20T18:57:00Z,M1.1,-4.9317,-2.267,0.7782,-5.1881,1,-54.05,17.46,0,0.0,
202305202252,2023-05-20T23:06:00Z,2023-05-20T22:52:00Z,M5.1,-4.2885,-1.6394,1.1461,-5.617,1,-48.57,18.67,0,0.0,
202305210218,2023-05-21T02:23:00Z,2023-05-21T02:18:00Z,M1.4,-4.8522,-2.3218,0.699,-5.7185,1,-43.65,19.93,0,0.0,
202305211549,2023-05-21T16:04:00Z,2023-05-21T15:49:00Z,M2.5,-4.5894,-1.8401,1.1761,-5.6281,1,-40.77,19.55,0,0.0,
202305221331,2023-05-22T13:37:00Z,2023-05-22T13:31:00Z,M1.9,-4.7145,-2.0987,0.7782,-5.464,1,-35.04,-20.98,0,0.0,
202305231207,2023-05-23T12:13:00Z,2023-05-23T12:07:00Z,M3.0,-4.5146,-2.1759,0.7782,-5.5456,1,-10.35,19.93,0,0.0,
202305240951,2023-05-24T09:58:00Z,2023-05-24T09:51:00Z,M1.0,-4.9936,-2.5539,0.8451,-5.8602,1,-0.07,17.6,0,0.0,
202305241704,2023-05-24T17:21:00Z,2023-05-24T17:04:00Z,M1.8,-4.735,-1.9271,1.2304,-5.7566,1,0.68,19.98,0,0.0,
202305251437,2023-05-25T14:46:00Z,2023-05-25T14:37:00Z,M1.1,-4.9286,-2.2653,0.9542,-5.8333,1,4.5,-24.22,0,0.0,
202305262248,2023-05-26T23:03:00Z,2023-05-26T22:48:00Z,M1.3,-4.8633,-1.9026,1.1761,-5.3153,1,4.47,-5.91,0,0.0,
202305281021,2023-05-28T10:36:00Z,2023-05-28T10:21:00Z,M1.0,-4.998,-2.3098,1.1761,-6.0481,1,12.55,-14.52,0,0.0,
202305300754,2023-05-30T08:10:00Z,2023-05-30T07:54:00Z,M1.2,-4.911,-2.1538,1.2041,-5.9732,1,84.63,-21.97,0,0.0,
202305301015,2023-05-30T10:22:00Z,2023-05-30T10:15:00Z,M1.3,-4.8674,-2.3297,0.8451,-5.8729,1,86.37,-21.76,0,0.0,
202305301335,2023-05-30T13:38:00Z,2023-05-30T13:35:00Z,M1.4,-4.8305,-2.5106,0.4771,-5.7607,1,36.53,-18.5,0,0.0,
202305310424,2023-05-31T04:38:00Z,2023-05-31T04:24:00Z,M1.3,-4.8836,-2.1088,1.1461,-5.5111,1,-74.06,-4.85,0,0.0,
202305311223,2023-05-31T12:26:00Z,2023-05-31T12:23:00Z,M1.0,-4.9824,-2.6761,0.4771,-5.6075,1,20.54,-17.48,0,0.0,
202305312147,2023-05-31T22:08:00Z,2023-05-31T21:47:00Z,M1.0,-4.9789,-2.0215,1.3222,-5.6117,1,-80.65,-5.71,0,0.0,
202305312214,2023-05-31T22:52:00Z,2023-05-31T22:14:00Z,M4.2,-4.3719,-1.1853,1.5798,-4.9951,1,-74.42,-5.03,0,0.0,
202306020232,2023-06-02T02:41:00Z,2023-06-02T02:32:00Z,M1.5,-4.8163,-2.4027,0.9542,-5.7375,1,-0.78,18.47,0,0.0,
202306071118,2023-06-07T11:46:00Z,2023-06-07T11:18:00Z,M4.6,-4.3307,-1.399,1.4472,-5.7339,1,-36.32,-14.28,0,0.0,
202306091648,2023-06-09T17:11:00Z,2023-06-09T16:48:00Z,M2.4,-4.6051,-1.7295,1.3617,-5.8704,1,-47.28,-20.01,0,0.0,
202306160520,2023-06-16T05:30:00Z,2023-06-16T05:20:00Z,M1.0,-4.986,-2.3104,1.0,-5.7554,1,-69.02,18.38,0,0.0,
202306161021,2023-06-16T10:38:00Z,2023-06-16T10:21:00Z,M1.0,-4.9727,-2.0637,1.2304,-5.894,1,-63.13,12.65,0,0.0,
202306161955,2023-06-16T19:59:00Z,2023-06-16T19:55:00Z,M1.0,-4.9766,-2.5433,0.6021,-5.8552,1,46.02,-24.2,0,0.0,
202306180025,2023-06-18T00:31:00Z,2023-06-18T00:25:00Z,M1.3,-4.8778,-2.3727,0.7782,-5.7174,1,-24.88,-19.51,0,0.0,
202306181325,2023-06-18T13:53:00Z,2023-06-18T13:25:00Z,M2.4,-4.6023,-1.5534,1.4472,-5.6757,1,-21.94,-23.04,0,0.0,
202306190337,2023-06-19T03:50:00Z,2023-06-19T03:37:00Z,M1.4,-4.8349,-2.1153,1.1139,-5.6805,1,-72.57,-8.94,0,0.0,
202306191206,2023-06-19T12:14:00Z,2023-06-19T12:06:00Z,M1.1,-4.9294,-2.2853,0.9031,-5.7474,1,-70.27,-10.19,0,0.0,
202306201109,2023-06-20T11:13:00Z,2023-06-20T11:09:00Z,M1.0,-4.9797,-2.3409,0.6021,-5.0931,1,24.16,-20.35,0,0.0,
202306201117,2023-06-20T11:25:00Z,2023-06-20T11:17:00Z,M1.8,-4.7401,-2.0017,0.9031,-5.0325,1,53.43,-20.74,0,0.0,
202306201544,2023-06-20T15:48:00Z,2023-06-20T15:44:00Z,M1.0,-4.9914,-2.3761,0.6021,-5.1923,1,53.53,-19.03,0,0.0,
202306201627,2023-06-20T16:33:00Z,2023-06-20T16:27:00Z,M1.0,-4.9597,-2.4231,0.7782,-5.4242,1,78.88,-18.74,0,0.0,
202306201642,2023-06-20T17:09:00Z,2023-06-20T16:42:00Z,X1.0,-3.9645,-1.1013,1.4314,-5.4623,1,-67.53,-14.49,0,0.0,
202306211231,2023-06-21T12:44:00Z,2023-06-21T12:31:00Z,M1.1,-4.9356,-2.1877,1.1139,-5.588,1,-53.36,-13.12,0,0.0,
202306221057,2023-06-22T11:21:00Z,2023-06-22T10:57:00Z,M1.1,-4.9398,-1.9787,1.3802,-5.731,1,-42.95,-11.35,0,0.0,
202306222329,2023-06-22T23:44:00Z,2023-06-22T23:29:00Z,M4.8,-4.3142,-1.5821,1.1761,-5.7616,1,-40.51,-18.97,0,0.0,
202306241211,2023-06-24T12:17:00Z,2023-06-24T12:11:00Z,M1.1,-4.9488,-2.3785,0.7782,-5.9226,1,41.42,21.01,0,0.0,
202306261608,2023-06-26T16:22:00Z,2023-06-26T16:08:00Z,M1.6,-4.7951,-2.1691,1.1461,-5.9578,1,36.29,22.55,0,0.0,
202306271457,2023-06-27T15:14:00Z,2023-06-27T14:57:00Z,M1.2,-4.8985,-2.2737,1.2304,-5.9281,1,49.26,21.44,0,0.0,
202306280826,2023-06-28T08:44:00Z,2023-06-28T08:26:00Z,M1.9,-4.7101,-1.9508,1.2553,-5.9865,1,62.29,22.0,0,0.0,
202306291400,2023-06-29T14:15:00Z,2023-06-29T14:00:00Z,M3.8,-4.4194,-1.8162,1.1761,-5.8374,1,14.99,18.26,0,0.0,
202307012207,2023-07-01T22:23:00Z,2023-07-01T22:07:00Z,M1.1,-4.9566,-2.1501,1.2041,-5.7505,1,-53.25,-21.04,0,0.0,
202307020229,2023-07-02T02:35:00Z,2023-07-02T02:29:00Z,M2.0,-4.6823,-2.1856,0.7782,-5.7598,1,-53.24,-20.89,0,0.0,
202307022254,2023-07-02T23:14:00Z,2023-07-02T22:54:00Z,X1.0,-3.9788,-1.1788,1.301,-5.4619,1,64.7,17.56,0,0.0,
202307030643,2023-07-03T06:53:00Z,2023-07-03T06:43:00Z,M1.3,-4.8653,-2.2478,1.0,-5.7539,1,-38.14,-13.88,0,0.0,
202307041218,2023-07-04T12:35:00Z,2023-07-04T12:18:00Z,M1.4,-4.8327,-1.9932,1.2304,-5.7956,0,,,0,0.0,
202307051836,2023-07-05T18:58:00Z,2023-07-05T18:36:00Z,M1.0,-4.9959,-1.9668,1.3424,-5.4951,0,,,0,0.0,
202307061032,2023-07-06T10:49:00Z,2023-07-06T10:32:00Z,M1.0,-4.9773,-2.0515,1.2304,-5.4781,0,,,0,0.0,
202307070617,2023-07-07T06:29:00Z,2023-07-07T06:17:00Z,M4.0,-4.3963,-1.8405,1.0792,-5.8055,1,14.04,-19.67,0,0.0,
202307100329,2023-07-10T03:55:00Z,2023-07-10T03:29:00Z,M2.3,-4.6298,-1.6124,1.415,-5.4807,1,47.16,-15.4,0,0.0,
202307102206,2023-07-10T22:18:00Z,2023-07-10T22:06:00Z,M1.4,-4.8278,-2.0801,1.0792,-5.6103,1,61.62,-11.32,0,0.0,
202307111419,2023-07-11T14:35:00Z,2023-07-11T14:19:00Z,M1.9,-4.7037,-1.8966,1.2041,-5.3834,1,-68.12,27.82,0,0.0,
202307111602,2023-07-11T16:12:00Z,2023-07-11T16:02:00Z,M1.1,-4.9369,-2.1135,1.0,-5.1734,0,,,0,0.0,
202307111751,2023-07-11T18:08:00Z,2023-07-11T17:51:00Z,M6.7,-4.171,-1.3953,1.2304,-5.311,1,-72.03,27.96,0,0.0,
202307111920,2023-07-11T19:29:00Z,2023-07-11T19:20:00Z,M1.0,-4.964,-2.1496,0.9542,-5.1408,1,-49.79,13.84,0,0.0,
202307112204,2023-07-11T22:15:00Z,2023-07-11T22:04:00Z,M5.7,-4.2371,-1.6997,1.0414,-5.2364,1,-69.74,27.52,0,0.0,
202307112334,2023-07-11T23:37:00Z,2023-07-11T23:34:00Z,M1.2,-4.9054,-2.3616,0.4771,-5.1363,1,52.02,-18.05,0,0.0,
202307120021,2023-07-12T00:31:00Z,2023-07-12T00:21:00Z,M1.4,-4.833,-2.0664,1.0,-5.1549,1,62.91,-11.27,0,0.0,
202307120431,2023-07-12T04:45:00Z,2023-07-12T04:31:00Z,M1.3,-4.876,-2.055,1.1461,-5.4002,1,-40.3,28.45,0,0.0,
202307120510,2023-07-12T05:14:00Z,2023-07-12T05:10:00Z,M1.3,-4.8731,-2.2856,0.6021,-5.2267,1,60.02,24.85,0,0.0,
202307120849,2023-07-12T08:55:00Z,2023-07-12T08:49:00Z,M6.8,-4.1618,-1.6747,0.7782,-5.2674,1,-66.81,27.48,0,0.0,
202307140922,2023-07-14T09:36:00Z,2023-07-14T09:22:00Z,M1.0,-4.9888,-2.1836,1.1461,-5.588,1,23.09,-23.82,0,0.0,
202307150721,2023-07-15T07:41:00Z,2023-07-15T07:21:00Z,M2.9,-4.5369,-1.6576,1.301,-5.7273,1,39.0,-24.72,0,0.0,
202307150943,2023-07-15T09:53:00Z,2023-07-15T09:43:00Z,M1.0,-4.9754,-2.3947,1.0,-5.7718,1,-40.94,22.46,0,0.0,
202307151005,2023-07-15T10:10:00Z,2023-07-15T10:05:00Z,M2.1,-4.6601,-2.2993,0.699,-5.5939,1,-38.26,22.19,0,0.0,
202307160816,2023-07-16T08:26:00Z,2023-07-16T08:16:00Z,M1.0,-4.9659,-2.4888,1.0,-5.7534,1,-27.2,21.24,0,0.0,
202307161458,2023-07-16T15:08:00Z,2023-07-16T14:58:00Z,M1.7,-4.7514,-2.3829,1.0,-5.8351,1,-26.19,20.79,0,0.0,
202307161736,2023-07-16T17:48:00Z,2023-07-16T17:36:00Z,M3.9,-4.3997,-1.6152,1.0792,-5.7208,1,57.04,-22.9,0,0.0,
202307172241,2023-07-17T22:54:00Z,2023-07-17T22:41:00Z,M2.7,-4.5684,-1.746,1.1139,-5.305,1,67.61,-22.77,0,0.0,
202307172317,2023-07-17T23:34:00Z,2023-07-17T23:17:00Z,M4.9,-4.3037,-1.3774,1.2304,-5.1493,1,72.67,-20.66,0,0.0,
202307172337,2023-07-18T00:06:00Z,2023-07-17T23:37:00Z,M5.6,-4.2464,-0.9762,1.4624,-4.3147,1,72.33,-24.76,1,620.0,1.15
202307180645,2023-07-18T06:57:00Z,2023-07-18T06:45:00Z,M1.5,-4.8196,-2.0706,1.0792,-5.363,1,-86.34,13.19,0,0.0,
202307181932,2023-07-18T19:48:00Z,2023-07-18T19:32:00Z,M1.3,-4.8743,-1.9337,1.2041,-5.3141,1,-35.46,26.71,0,0.0,
202307182000,2023-07-18T20:05:00Z,2023-07-18T20:00:00Z,M1.4,-4.8358,-2.1414,0.699,-4.9278,1,-14.11,15.39,0,0.0,
202307182016,2023-07-18T20:27:00Z,2023-07-18T20:16:00Z,M2.1,-4.6711,-1.8052,1.0414,-4.9298,0,,,0,0.0,
202307191049,2023-07-19T10:57:00Z,2023-07-19T10:49:00Z,M1.3,-4.8565,-2.2409,0.9031,-5.7161,1,80.49,-23.67,0,0.0,
202307191704,2023-07-19T17:25:00Z,2023-07-19T17:04:00Z,M3.7,-4.4231,-1.5493,1.3222,-5.6955,0,,,0,0.0,
202307220312,2023-07-22T03:37:00Z,2023-07-22T03:12:00Z,M3.1,-4.5002,-1.6272,1.3979,-5.8659,1,50.61,24.89,0,0.0,
202307250136,2023-07-25T02:03:00Z,2023-07-25T01:36:00Z,M1.5,-4.816,-1.7925,1.4314,-5.6232,1,49.63,24.86,0,0.0,
202307252108,2023-07-25T21:16:00Z,2023-07-25T21:08:00Z,M1.6,-4.7845,-2.1609,0.9031,-5.4715,1,-32.75,-7.87,0,0.0,
202307260421,2023-07-26T04:28:00Z,2023-07-26T04:21:00Z,M1.2,-4.9083,-2.1622,0.8451,-5.1159,1,70.33,20.68,0,0.0,
202307261017,2023-07-26T10:37:00Z,2023-07-26T10:17:00Z,M4.5,-4.3385,-1.5905,1.301,-5.7112,1,74.6,20.63,0,0.0,
202307261550,2023-07-26T15:59:00Z,2023-07-26T15:50:00Z,M2.0,-4.69,-2.0581,0.9542,-5.4146,0,,,0,0.0,
202307270944,2023-07-27T09:51:00Z,2023-07-27T09:44:00Z,M1.9,-4.7068,-2.0317,0.8451,-5.1787,1,84.15,20.45,0,0.0,
202307272204,2023-07-27T22:34:00Z,2023-07-27T22:04:00Z,M1.7,-4.7589,-1.5864,1.4771,-5.2967,1,-71.23,-20.22,0,0.0,
202307281539,2023-07-28T15:58:00Z,2023-07-28T15:39:00Z,M4.0,-4.3908,-1.4651,1.2788,-5.8121,0,,,1,154.0,8.37
202307291611,2023-07-29T16:24:00Z,2023-07-29T16:11:00Z,M1.4,-4.8463,-2.1059,1.1139,-5.6181,1,8.26,-11.19,0,0.0,
202307300801,2023-07-30T08:14:00Z,2023-07-30T08:01:00Z,M1.8,-4.736,-2.0635,1.1139,-5.8209,1,-58.07,-17.88,0,0.0,
202307300818,2023-07-30T08:22:00Z,2023-07-30T08:18:00Z,M1.8,-4.7333,-2.0765,0.6021,-4.7788,1,-58.92,-18.73,0,0.0,
202307310844,2023-07-31T09:00:00Z,2023-07-31T08:44:00Z,M1.6,-4.7737,-1.8914,1.2041,-5.4101,1,-48.2,-20.68,0,0.0,
202308010138,2023-08-01T01:56:00Z,2023-08-01T01:38:00Z,M1.0,-4.9948,-2.0348,1.2553,-5.4582,1,44.32,-9.27,0,0.0,
202308010158,2023-08-01T02:03:00Z,2023-08-01T01:58:00Z,M1.2,-4.8994,-2.2127,0.699,-5.005,1,43.53,-9.23,0,0.0,
202308010427,2023-08-01T04:47:00Z,2023-08-01T04:27:00Z,M2.1,-4.6595,-1.7599,1.301,-5.4403,1,44.01,-7.48,0,0.0,
202308010530,2023-08-01T05:37:00Z,2023-08-01T05:30:00Z,M1.3,-4.8726,-2.1364,0.8451,-5.0557,1,46.27,-7.89,0,0.0,
202308010628,2023-08-01T06:57:00Z,2023-08-01T06:28:00Z,M3.6,-4.4413,-1.3527,1.4624,-5.3839,1,47.22,-8.08,0,0.0,
202308010903,2023-08-01T09:09:00Z,2023-08-01T09:03:00Z,M1.5,-4.8078,-2.2072,0.7782,-5.5053,1,42.58,-7.22,0,0.0,
202308011402,2023-08-01T14:09:00Z,2023-08-01T14:02:00Z,M1.4,-4.8467,-2.151,0.8451,-5.575,1,46.45,-7.28,0,0.0,
202308012139,2023-08-01T21:51:00Z,2023-08-01T21:39:00Z,M1.0,-4.9754,-2.1892,1.0792,-5.4994,1,57.24,-10.18,0,0.0,
202308020803,2023-08-02T08:12:00Z,2023-08-02T08:03:00Z,M1.3,-4.8718,-2.1078,0.9542,-5.3021,1,59.99,-8.12,0,0.0,
202308021044,2023-08-02T10:50:00Z,2023-08-02T10:44:00Z,M1.2,-4.9085,-2.3593,0.7782,-5.3485,1,66.98,-9.78,0,0.0,
202308021446,2023-08-02T14:52:00Z,2023-08-02T14:46:00Z,M1.6,-4.7742,-2.3721,0.7782,-5.5187,1,65.07,-9.03,0,0.0,
202308021613,2023-08-02T16:22:00Z,2023-08-02T16:13:00Z,M1.3,-4.878,-2.3151,0.9542,-5.4685,1,69.61,-8.99,0,0.0,
202308021909,2023-08-02T19:15:00Z,2023-08-02T19:09:00Z,M1.1,-4.9443,-2.2122,0.7782,-5.0941,0,,,0,0.0,
202308031147,2023-08-03T11:55:00Z,2023-08-03T11:47:00Z,M2.0,-4.6873,-2.2337,0.9031,-5.6738,1,79.37,-10.27,0,0.0,
202308040338,2023-08-04T04:24:00Z,2023-08-04T03:38:00Z,M1.9,-4.7037,-1.4118,1.6628,-5.6832,1,45.23,9.11,0,0.0,
202308050923,2023-08-05T09:36:00Z,2023-08-05T09:23:00Z,M2.1,-4.6761,-1.7957,1.1139,-5.0696,0,,,0,0.0,
202308052145,2023-08-05T22:21:00Z,2023-08-05T21:45:00Z,X1.5,-3.7964,-0.7794,1.5563,-5.5055,0,,,0,0.0,
202308061820,2023-08-06T18:40:00Z,2023-08-06T18:20:00Z,M5.4,-4.2632,-1.4331,1.301,-5.9133,0,,,0,0.0,
202308070429,2023-08-07T04:41:00Z,2023-08-07T04:29:00Z,M2.4,-4.6184,-1.9246,1.0792,-5.818,0,,,0,0.0,
202308071525,2023-08-07T16:11:00Z,2023-08-07T15:25:00Z,M1.0,-4.9888,-1.6917,1.6628,-5.4325,1,73.44,15.83,0,0.0,
202308071624,2023-08-07T16:26:00Z,2023-08-07T16:24:00Z,M1.0,-4.9772,-2.4342,0.301,-5.0175,1,69.9,15.97,0,0.0,
202308071937,2023-08-07T19:51:00Z,2023-08-07T19:37:00Z,M1.4,-4.8503,-2.0438,1.1461,-5.3475,1,83.0,17.93,0,0.0,
202308072030,2023-08-07T20:46:00Z,2023-08-07T20:30:00Z,X1.4,-3.8312,-1.038,1.2041,-5.1311,0,,,1,47.0,4.48
202308080920,2023-08-08T09:31:00Z,2023-08-08T09:20:00Z,M3.6,-4.4395,-1.8394,1.0414,-5.6528,0,,,0,0.0,
202308222235,2023-08-22T23:04:00Z,2023-08-22T22:35:00Z,M1.1,-4.9575,-1.8639,1.4624,-5.6233,1,26.99,10.34,0,0.0,
202308250056,2023-08-25T01:09:00Z,2023-08-25T00:56:00Z,M1.4,-4.8346,-2.1672,1.1139,-5.9906,1,-49.44,-11.12,0,0.0,
202308262205,2023-08-26T22:50:00Z,2023-08-26T22:05:00Z,M1.1,-4.9578,-1.7073,1.6532,-5.8138,0,,,0,0.0,
202309010219,2023-09-01T03:18:00Z,2023-09-01T02:19:00Z,M1.0,-4.964,-1.7944,1.7709,-5.9478,1,66.86,12.65,0,0.0,
202309010326,2023-09-01T03:52:00Z,2023-09-01T03:26:00Z,M1.2,-4.9205,-1.6875,1.415,-4.9689,1,68.59,14.16,1,25.0,0.63
202309020631,2023-09-02T07:13:00Z,2023-09-02T06:31:00Z,M3.3,-4.4804,-1.3674,1.6232,-6.223,0,,,0,0.0,
202309030014,2023-09-03T00:23:00Z,2023-09-03T00:14:00Z,M1.1,-4.9502,-2.2688,0.9542,-5.9256,0,,,0,0.0,
202309030809,2023-09-03T08:36:00Z,2023-09-03T08:09:00Z,M5.9,-4.2261,-1.4006,1.4314,-5.7623,0,,,0,0.0,
202309050803,2023-09-05T08:12:00Z,2023-09-05T08:03:00Z,M2.0,-4.6844,-2.0491,0.9542,-6.0591,1,2.58,15.07,0,0.0,
202309051932,2023-09-05T19:45:00Z,2023-09-05T19:32:00Z,M1.2,-4.9021,-2.163,1.1139,-6.0086,1,9.32,15.54,0,0.0,
202309052321,2023-09-05T23:39:00Z,2023-09-05T23:21:00Z,M1.0,-4.9995,-2.1682,1.2553,-5.8589,1,10.96,16.84,0,0.0,
202309071858,2023-09-07T19:09:00Z,2023-09-07T18:58:00Z,M2.0,-4.6781,-1.924,1.0414,-5.8246,1,-55.87,19.57,0,0.0,
202309110108,2023-09-11T01:28:00Z,2023-09-11T01:08:00Z,M1.3,-4.8611,-1.9133,1.301,-5.7786,1,-65.46,9.48,0,0.0,
202309110358,2023-09-11T04:07:00Z,2023-09-11T03:58:00Z,M1.1,-4.927,-2.2177,0.9542,-5.6691,1,-48.6,-3.22,0,0.0,
202309111438,2023-09-11T14:49:00Z,2023-09-11T14:38:00Z,M1.1,-4.953,-2.2618,1.0414,-5.7378,1,-50.75,-5.79,0,0.0,
202309120418,2023-09-12T04:26:00Z,2023-09-12T04:18:00Z,M1.9,-4.7172,-2.1282,0.9031,-5.5585,1,-1.28,22.76,0,0.0,
202309120431,2023-09-12T04:42:00Z,2023-09-12T04:31:00Z,M1.8,-4.7309,-1.8014,1.0414,-4.7874,1,-0.87,22.5,0,0.0,
202309120647,2023-09-12T07:07:00Z,2023-09-12T06:47:00Z,M2.5,-4.5936,-1.7049,1.301,-5.6783,1,32.45,17.17,0,0.0,
202309140640,2023-09-14T07:45:00Z,2023-09-14T06:40:00Z,M1.4,-4.8452,-1.5129,1.8129,-5.9784,1,33.38,22.38,0,0.0,
202309141923,2023-09-14T19:31:00Z,2023-09-14T19:23:00Z,M1.9,-4.7077,-2.2089,0.9031,-5.8512,1,-8.42,10.88,0,0.0,
202309142117,2023-09-14T21:26:00Z,2023-09-14T21:17:00Z,M2.4,-4.6059,-1.9521,0.9542,-5.7964,1,-7.34,10.74,0,0.0,
202309152219,2023-09-15T22:29:00Z,2023-09-15T22:19:00Z,M1.7,-4.7666,-2.2869,1.0,-5.9136,1,8.73,11.52,0,0.0,
202309160038,2023-09-16T00:50:00Z,2023-09-16T00:38:00Z,M2.8,-4.5384,-1.9531,1.0792,-5.7873,1,11.19,11.34,0,0.0,
202309160530,2023-09-16T05:38:00Z,2023-09-16T05:30:00Z,M3.3,-4.4697,-1.7422,0.9031,-5.3763,1,9.09,11.62,0,0.0,
202309190344,2023-09-19T03:55:00Z,2023-09-19T03:44:00Z,M1.1,-4.9425,-2.2571,1.0414,-5.653,1,-50.37,7.46,0,0.0,
202309192001,2023-09-19T20:14:00Z,2023-09-19T20:01:00Z,M4.0,-4.3921,-1.7147,1.1139,-5.8546,1,-42.96,7.51,0,0.0,
202309201411,2023-09-20T14:19:00Z,2023-09-20T14:11:00Z,M8.1,-4.0899,-1.5519,0.9031,-5.9935,1,-32.16,8.17,0,0.0,
202309211242,2023-09-21T12:54:00Z,2023-09-21T12:42:00Z,M8.6,-4.0651,-1.4979,1.0792,-5.786,1,-20.07,8.19,0,0.0,
202309220225,2023-09-22T03:36:00Z,2023-09-22T02:25:00Z,M1.1,-4.9226,-1.455,1.8513,-5.5953,1,-16.94,15.24,0,0.0,
202309221553,2023-09-22T16:23:00Z,2023-09-22T15:53:00Z,M1.4,-4.8434,-1.8605,1.4771,-5.7718,1,35.05,28.78,0,0.0,
202309221706,2023-09-22T17:15:00Z,2023-09-22T17:06:00Z,M1.5,-4.8181,-2.0796,0.9542,-5.1813,1,36.63,27.07,0,0.0,
202309222225,2023-09-22T23:00:00Z,2023-09-22T22:25:00Z,M1.8,-4.7229,-1.7438,1.5441,-5.8186,1,17.05,18.56,0,0.0,
202309232014,2023-09-23T20:43:00Z,2023-09-23T20:14:00Z,M1.5,-4.8038,-1.7511,1.4624,-5.6732,0,,,0,0.0,
202309240251,2023-09-24T03:07:00Z,2023-09-24T02:51:00Z,M1.2,-4.9188,-2.1404,1.2041,-5.6824,1,-20.33,-12.04,0,0.0,
202309240309,2023-09-24T03:14:00Z,2023-09-24T03:09:00Z,M1.8,-4.7225,-2.071,0.699,-4.9521,1,-20.59,-11.88,0,0.0,
202309240317,2023-09-24T03:28:00Z,2023-09-24T03:17:00Z,M4.3,-4.358,-1.5299,1.0414,-4.7656,1,-19.58,-11.9,0,0.0,
202309241451,2023-09-24T15:00:00Z,2023-09-24T14:51:00Z,M1.0,-4.9977,-2.3667,0.9542,-5.7615,1,59.27,25.93,0,0.0,
202309301616,2023-09-30T16:35:00Z,2023-09-30T16:16:00Z,M1.2,-4.9113,-1.9135,1.2788,-5.395,1,-61.57,7.99,0,0.0,
202310010110,2023-10-01T01:32:00Z,2023-10-01T01:10:00Z,M2.4,-4.6054,-1.6955,1.3424,-5.6508,1,-60.21,11.24,0,0.0,
202310021235,2023-10-02T12:46:00Z,2023-10-02T12:35:00Z,M1.8,-4.7249,-2.0594,1.0414,-5.73,1,-66.08,17.2,0,0.0,
202310071757,2023-10-07T18:06:00Z,2023-10-07T17:57:00Z,M1.7,-4.751,-2.3367,0.9542,-5.8315,1,-37.62,-9.94,0,0.0,
202310100155,2023-10-10T02:09:00Z,2023-10-10T01:55:00Z,M1.5,-4.7983,-1.9543,1.1461,-5.3539,1,63.49,12.58,0,0.0,
202310101208,2023-10-10T12:17:00Z,2023-10-10T12:08:00Z,M2.3,-4.6338,-1.954,0.9542,-5.407,1,69.41,12.61,0,0.0,
202310120450,2023-10-12T04:58:00Z,2023-10-12T04:50:00Z,M1.1,-4.9535,-2.2298,0.9031,-5.3924,0,,,0,0.0,
202310262247,2023-10-26T23:24:00Z,2023-10-26T22:47:00Z,M1.4,-4.8515,-1.7326,1.5682,-6.0367,1,-82.92,18.6,0,0.0,
202311010607,2023-11-01T06:26:00Z,2023-11-01T06:07:00Z,M1.1,-4.9291,-1.9406,1.2788,-5.3757,1,-76.69,-9.83,0,0.0,
202311011137,2023-11-01T12:26:00Z,2023-11-01T11:37:00Z,M1.4,-4.8502,-1.6898,1.6902,-5.6938,1,-78.71,-8.43,0,0.0,
202311021217,2023-11-02T12:22:00Z,2023-11-02T12:17:00Z,M1.6,-4.7777,-2.5471,0.699,-5.8062,1,30.64,-16.74,0,0.0,
202311021908,2023-11-02T19:21:00Z,2023-11-02T19:08:00Z,M1.0,-4.9846,-2.2772,1.1139,-5.778,0,,,0,0.0,
202311051133,2023-11-05T11:43:00Z,2023-11-05T11:33:00Z,M1.8,-4.744,-2.3357,1.0,-5.919,1,-51.18,-8.32,0,0.0,
202311051424,2023-11-05T14:32:00Z,2023-11-05T14:24:00Z,M1.6,-4.774,-2.4094,0.9031,-5.9672,1,-47.86,-8.02,0,0.0,
202311111701,2023-11-11T17:30:00Z,2023-11-11T17:01:00Z,M1.2,-4.9031,-1.8649,1.4624,-5.8766,1,60.7,-16.22,0,0.0,
202311142258,2023-11-14T23:05:00Z,2023-11-14T22:58:00Z,M1.0,-4.9682,-2.6025,0.8451,-6.0508,1,74.15,-19.16,0,0.0,
202311180537,2023-11-18T05:42:00Z,2023-11-18T05:37:00Z,M1.2,-4.8992,-2.4054,0.699,-5.8202,1,-69.75,21.23,0,0.0,
202311181634,2023-11-18T16:44:00Z,2023-11-18T16:34:00Z,M1.1,-4.9209,-2.221,1.0,-5.7444,1,-70.94,17.02,0,0.0,
202311182226,2023-11-18T22:34:00Z,2023-11-18T22:26:00Z,M1.0,-4.977,-2.1686,0.9031,-5.1121,0,,,0,0.0,
202311200854,2023-11-20T09:03:00Z,2023-11-20T08:54:00Z,M1.2,-4.9022,-2.3548,0.9542,-5.8521,1,-63.91,20.08,0,0.0,
202311230259,2023-11-23T03:38:00Z,2023-11-23T02:59:00Z,M1.4,-4.8299,-1.5282,1.5911,-5.1601,1,-70.52,18.99,0,0.0,
202311231425,2023-11-23T14:37:00Z,2023-11-23T14:25:00Z,M1.0,-4.959,-2.2431,1.0792,-5.5764,1,-15.99,20.83,0,0.0,
202311240917,2023-11-24T09:33:00Z,2023-11-24T09:17:00Z,M1.1,-4.9477,-2.1207,1.2041,-5.7791,1,1.2,-15.24,0,0.0,
202311281907,2023-11-28T19:32:00Z,2023-11-28T19:07:00Z,M3.4,-4.4588,-1.6141,1.3979,-5.8473,1,2.93,-13.23,0,0.0,
202311281935,2023-11-28T19:50:00Z,2023-11-28T19:35:00Z,M9.8,-4.0079,-1.0883,1.1761,-4.4759,1,0.21,-15.25,0,0.0,
202312010412,2023-12-01T04:39:00Z,2023-12-01T04:12:00Z,M1.1,-4.9551,-1.8827,1.4314,-5.6693,1,72.71,12.01,0,0.0,
202312012055,2023-12-01T21:20:00Z,2023-12-01T20:55:00Z,M1.0,-4.9829,-2.0658,1.3979,-5.8296,1,53.16,-12.83,0,0.0,
202312050639,2023-12-05T06:44:00Z,2023-12-05T06:39:00Z,M1.5,-4.802,-2.3366,0.699,-5.748,1,-68.34,19.01,0,0.0,
202312052059,2023-12-05T21:10:00Z,2023-12-05T20:59:00Z,M1.0,-4.9862,-2.3718,1.0414,-5.8461,1,-59.1,17.87,0,0.0,
202312052117,2023-12-05T21:20:00Z,2023-12-05T21:17:00Z,M1.4,-4.834,-2.3301,0.4771,-5.2161,1,-88.25,21.53,0,0.0,
202312060530,2023-12-06T05:41:00Z,2023-12-06T05:30:00Z,M2.1,-4.676,-2.0922,1.0414,-5.8421,1,-57.76,18.26,0,0.0,
202312062126,2023-12-06T21:44:00Z,2023-12-06T21:26:00Z,M2.3,-4.6287,-1.8936,1.2553,-6.0707,1,-53.61,18.24,0,0.0,
202312082257,2023-12-08T23:07:00Z,2023-12-08T22:57:00Z,M5.4,-4.2604,-1.6972,1.0,-5.932,1,49.76,-19.01,0,0.0,
202312090941,2023-12-09T09:55:00Z,2023-12-09T09:41:00Z,M1.5,-4.8121,-2.091,1.1461,-5.7726,1,56.22,-19.28,0,0.0,
202312091303,2023-12-09T13:19:00Z,2023-12-09T13:03:00Z,M1.0,-4.9987,-2.0496,1.2041,-5.7372,1,57.69,-20.07,0,0.0,
202312100342,2023-12-10T03:53:00Z,2023-12-10T03:42:00Z,M2.3,-4.6214,-2.1158,1.0414,-6.0575,1,66.87,-19.99,0,0.0,
202312102237,2023-12-10T22:43:00Z,2023-12-10T22:37:00Z,M1.4,-4.8524,-2.371,0.7782,-5.4625,1,79.3,-20.33,0,0.0,
202312140711,2023-12-14T07:44:00Z,2023-12-14T07:11:00Z,M5.7,-4.238,-1.4448,1.5185,-5.8349,1,50.28,4.36,0,0.0,
202312141329,2023-12-14T13:48:00Z,2023-12-14T13:29:00Z,M2.3,-4.6339,-1.822,1.2788,-5.6145,1,52.85,4.49,0,0.0,
202312141647,2023-12-14T17:02:00Z,2023-12-14T16:47:00Z,X2.7,-3.5533,-0.9334,1.1761,-5.3255,1,58.4,4.92,0,0.0,
202312150703,2023-12-15T07:15:00Z,2023-12-15T07:03:00Z,M6.2,-4.2053,-1.5232,1.0792,-5.8569,1,65.13,4.12,0,0.0,
202312150723,2023-12-15T07:34:00Z,2023-12-15T07:23:00Z,M6.8,-4.1615,-1.2581,1.0414,-4.3154,1,66.29,3.78,0,0.0,
202312172008,2023-12-17T20:17:00Z,2023-12-17T20:08:00Z,M1.1,-4.9451,-2.4395,0.9542,-5.6974,0,,,0,0.0,
202312210519,2023-12-21T05:38:00Z,2023-12-21T05:19:00Z,M4.2,-4.3761,-1.5363,1.2788,-5.7557,1,64.04,-9.79,0,0.0,
202312212342,2023-12-22T00:04:00Z,2023-12-21T23:42:00Z,M3.2,-4.4819,-1.5692,1.3424,-5.5053,1,75.31,-9.97,0,0.0,
202312241108,2023-12-24T11:18:00Z,2023-12-24T11:08:00Z,M2.9,-4.5363,-1.9184,1.0,-5.901,1,27.13,-18.17,0,0.0,
202312241637,2023-12-24T16:49:00Z,2023-12-24T16:37:00Z,M2.6,-4.5789,-1.8928,1.0792,-5.569,1,30.71,-18.42,0,0.0,
202312241921,2023-12-24T19:51:00Z,2023-12-24T19:21:00Z,M1.1,-4.9505,-1.8582,1.4771,-5.6817,1,-71.22,-22.56,0,0.0,
202312311844,2023-12-31T19:12:00Z,2023-12-31T18:44:00Z,M1.0,-4.9938,-1.8815,1.4472,-5.4149,1,-60.64,1.08,0,0.0,
202312312136,2023-12-31T21:55:00Z,2023-12-31T21:36:00Z,X4.8,-3.3113,-0.4538,1.2788,-5.7247,1,-66.01,5.83,1,20.0,70.17
202401010833,2024-01-01T08:54:00Z,2024-01-01T08:33:00Z,M2.3,-4.6287,-1.7478,1.3222,-5.4971,1,-66.53,4.82,0,0.0,
202401011154,2024-01-01T12:25:00Z,2024-01-01T11:54:00Z,M4.6,-4.3311,-1.5056,1.4914,-5.9672,1,-62.69,5.38,0,0.0,
202401021802,2024-01-02T18:30:00Z,2024-01-02T18:02:00Z,M1.1,-4.9412,-1.8913,1.4472,-5.9229,1,-58.26,5.24,0,0.0,
202401040108,2024-01-04T01:16:00Z,2024-01-04T01:08:00Z,M1.1,-4.9343,-2.3319,0.9031,-5.9685,1,-35.51,4.25,0,0.0,
202401040122,2024-01-04T01:55:00Z,2024-01-04T01:22:00Z,M3.8,-4.415,-1.3583,1.5185,-5.0679,1,-37.86,4.93,0,0.0,
202401101239,2024-01-10T12:56:00Z,2024-01-10T12:39:00Z,M1.4,-4.8332,-1.9302,1.2304,-5.66,1,-75.85,-19.95,0,0.0,
202401102318,2024-01-10T23:28:00Z,2024-01-10T23:18:00Z,M1.9,-4.7157,-2.1371,1.0,-5.4718,1,62.29,17.24,0,0.0,
202401111244,2024-01-11T12:51:00Z,2024-01-11T12:44:00Z,M1.3,-4.863,-2.2825,0.8451,-5.469,0,,,0,0.0,
202401111749,2024-01-11T17:52:00Z,2024-01-11T17:49:00Z,M1.5,-4.8162,-2.3592,0.4771,-5.6188,1,56.03,9.43,0,0.0,
202401111908,2024-01-11T19:23:00Z,2024-01-11T19:08:00Z,M1.2,-4.9197,-2.0276,1.1761,-5.5408,0,,,0,0.0,
202401120255,2024-01-12T02:58:00Z,2024-01-12T02:55:00Z,M1.0,-4.9723,-2.5497,0.4771,-5.4727,1,-21.04,18.97,0,0.0,
202401220609,2024-01-22T06:22:00Z,2024-01-22T06:09:00Z,M1.4,-4.8249,-2.121,1.1139,-5.6758,1,-25.82,26.7,0,0.0,
202401221913,2024-01-22T19:24:00Z,2024-01-22T19:13:00Z,M1.0,-4.9602,-2.0893,1.0414,-5.2061,1,-8.77,21.62,0,0.0,
202401221928,2024-01-22T19:32:00Z,2024-01-22T19:28:00Z,M1.2,-4.9039,-2.2629,0.6021,-4.9727,1,-1.05,12.07,0,0.0,
202401221943,2024-01-22T19:47:00Z,2024-01-22T19:43:00Z,M2.0,-4.6883,-2.1431,0.6021,-5.0971,1,32.41,-18.16,0,0.0,
202401222114,2024-01-22T21:21:00Z,2024-01-22T21:14:00Z,M3.4,-4.4674,-1.996,0.8451,-5.4982,1,30.42,-15.12,0,0.0,
202401222136,2024-01-22T21:43:00Z,2024-01-22T21:36:00Z,M1.5,-4.7966,-2.0427,0.8451,-4.9696,1,30.03,-17.7,0,0.0,
202401222219,2024-01-22T22:22:00Z,2024-01-22T22:19:00Z,M2.0,-4.6807,-2.2469,0.4771,-5.1299,1,30.15,-17.58,0,0.0,
202401230309,2024-01-23T03:31:00Z,2024-01-23T03:09:00Z,M5.0,-4.2956,-1.4754,1.3424,-5.3031,1,-9.67,20.55,0,0.0,
202401230752,2024-01-23T08:11:00Z,2024-01-23T07:52:00Z,M2.4,-4.6176,-1.7169,1.2788,-5.5092,1,37.42,-16.4,0,0.0,
202401230818,2024-01-23T08:22:00Z,2024-01-23T08:18:00Z,M2.3,-4.6256,-2.0291,0.6021,-4.7846,1,35.19,-16.26,0,0.0,
202401231303,2024-01-23T13:09:00Z,2024-01-23T13:03:00Z,M1.0,-4.9939,-2.2461,0.7782,-5.0695,1,14.04,-0.08,0,0.0,
202401231445,2024-01-23T14:59:00Z,2024-01-23T14:45:00Z,M1.3,-4.8781,-1.9565,1.1461,-5.1177,1,40.49,-18.74,0,0.0,
202401231636,2024-01-23T16:40:00Z,2024-01-23T16:36:00Z,M4.3,-4.364,-1.9055,0.6021,-5.1386,1,34.22,-13.07,0,0.0,
202401231819,2024-01-23T18:28:00Z,2024-01-23T18:19:00Z,M1.0,-4.9905,-2.2466,0.9542,-5.4723,1,44.74,-17.32,0,0.0,
202401231835,2024-01-23T18:44:00Z,2024-01-23T18:35:00Z,M1.1,-4.9575,-2.1144,0.9542,-5.0907,1,43.83,-18.1,0,0.0,
202401231946,2024-01-23T19:52:00Z,2024-01-23T19:46:00Z,M1.0,-4.9876,-2.307,0.7782,-5.2677,1,43.56,-16.83,0,0.0,
202401240021,2024-01-24T00:38:00Z,2024-01-24T00:21:00Z,M1.0,-4.9798,-2.1663,1.2304,-5.6935,1,44.04,-17.7,0,0.0,
202401240131,2024-01-24T01:41:00Z,2024-01-24T01:31:00Z,M2.6,-4.5796,-1.8412,1.0,-5.2353,1,49.05,-16.63,0,0.0,
202401240518,2024-01-24T05:44:00Z,2024-01-24T05:18:00Z,M1.4,-4.8461,-1.7974,1.415,-5.572,1,50.65,-17.82,0,0.0,
202401242044,2024-01-24T20:58:00Z,2024-01-24T20:44:00Z,M1.3,-4.8806,-2.172,1.1461,-5.7668,1,57.11,-17.81,0,0.0,
202401290129,2024-01-29T01:40:00Z,2024-01-29T01:29:00Z,M1.2,-4.901,-2.194,1.0414,-5.8089,1,62.1,27.89,0,0.0,
202401290354,2024-01-29T04:38:00Z,2024-01-29T03:54:00Z,M6.7,-4.1695,-1.0801,1.6435,-5.6006,0,,,1,137.0,1.62
202402020252,2024-02-02T03:01:00Z,2024-02-02T02:52:00Z,M1.1,-4.93,-2.4692,0.9542,-6.0983,1,-57.2,-16.83,0,0.0,
202402041140,2024-02-04T11:53:00Z,2024-02-04T11:40:00Z,M1.4,-4.8534,-2.0997,1.1139,-5.6216,1,-73.0,-13.99,0,0.0,
202402041622,2024-02-04T16:38:00Z,2024-02-04T16:22:00Z,M1.5,-4.8059,-1.9348,1.2041,-5.2694,1,-66.77,-14.12,0,0.0,
202402041705,2024-02-04T17:12:00Z,2024-02-04T17:05:00Z,M1.3,-4.8721,-2.2505,0.8451,-5.4319,1,-69.1,-13.14,0,0.0,
202402041816,2024-02-04T18:29:00Z,2024-02-04T18:16:00Z,M1.1,-4.9567,-2.1921,1.1139,-5.5968,1,-19.42,-26.99,0,0.0,
202402042052,2024-02-04T20:57:00Z,2024-02-04T20:52:00Z,M1.2,-4.8983,-2.3955,0.699,-5.4972,1,-72.87,-18.75,0,0.0,
202402042220,2024-02-04T22:28:00Z,2024-02-04T22:20:00Z,M2.1,-4.6746,-2.0582,0.9031,-5.3823,1,-74.82,-12.84,0,0.0,
202402042234,2024-02-04T22:37:00Z,2024-02-04T22:34:00Z,M2.7,-4.56,-2.0174,0.4771,-4.7597,1,-71.77,-12.68,0,0.0,
202402050413,2024-02-05T04:28:00Z,2024-02-05T04:13:00Z,M2.1,-4.6694,-1.9599,1.1761,-5.5417,1,-65.38,-14.18,0,0.0,
202402050610,2024-02-05T06:22:00Z,2024-02-05T06:10:00Z,M1.4,-4.8369,-2.2239,1.0792,-5.5525,1,-71.86,-16.94,0,0.0,
202402060215,2024-02-06T02:28:00Z,2024-02-06T02:15:00Z,M2.2,-4.6557,-1.8241,1.1139,-5.0679,1,64.04,-36.85,0,0.0,
202402060237,2024-02-06T03:11:00Z,2024-02-06T02:37:00Z,M4.2,-4.3735,-1.1285,1.5315,-4.691,1,56.45,-38.03,0,0.0,
202402061838,2024-02-06T18:49:00Z,2024-02-06T18:38:00Z,M1.3,-4.8796,-2.052,1.0414,-5.2514,1,69.81,-37.51,0,0.0,
202402070304,2024-02-07T03:31:00Z,2024-02-07T03:04:00Z,M5.1,-4.2906,-1.2675,1.4314,-5.3563,1,78.28,-36.83,0,0.0,
202402071741,2024-02-07T18:05:00Z,2024-02-07T17:41:00Z,M1.3,-4.8689,-1.8991,1.3802,-5.7446,1,-36.57,-15.39,0,0.0,
202402081242,2024-02-08T13:12:00Z,2024-02-08T12:42:00Z,M3.4,-4.4621,-1.4185,1.4771,-5.3279,1,-26.45,-15.62,0,0.0,
202402081411,2024-02-08T14:18:00Z,2024-02-08T14:11:00Z,M1.1,-4.9249,-2.1891,0.8451,-5.0957,0,,,0,0.0,
202402081517,2024-02-08T15:23:00Z,2024-02-08T15:17:00Z,M1.7,-4.7458,-2.2799,0.7782,-5.4381,1,-21.75,-13.13,0,0.0,
202402081856,2024-02-08T19:02:00Z,2024-02-08T18:56:00Z,M1.3,-4.8759,-2.5059,0.7782,-5.7263,1,-19.17,-13.86,0,0.0,
202402082316,2024-02-08T23:55:00Z,2024-02-08T23:16:00Z,M3.9,-4.4032,-1.283,1.5911,-5.7201,0,,,0,0.0,
202402090036,2024-02-09T00:41:00Z,2024-02-09T00:36:00Z,M3.1,-4.5054,-1.8477,0.699,-4.6272,1,30.75,-33.06,0,0.0,
202402091253,2024-02-09T13:14:00Z,2024-02-09T12:53:00Z,X3.2,-3.4819,-0.6415,1.3222,-5.8054,1,85.8,-35.77,0,0.0,
202402091754,2024-02-09T18:00:00Z,2024-02-09T17:54:00Z,M1.2,-4.9072,-2.2779,0.7782,-5.3322,1,-9.67,-12.56,0,0.0,
202402100042,2024-02-10T00:51:00Z,2024-02-10T00:42:00Z,M1.5,-4.8123,-2.1369,0.9542,-5.668,1,-6.21,-14.14,0,0.0,
202402100304,2024-02-10T03:54:00Z,2024-02-10T03:04:00Z,M3.4,-4.4668,-1.3313,1.699,-5.7763,1,-75.44,-15.5,0,0.0,
202402102256,2024-02-10T23:07:00Z,2024-02-10T22:56:00Z,M8.9,-4.0483,-1.4884,1.0414,-5.6303,1,12.63,-10.9,0,0.0,
202402112235,2024-02-11T22:45:00Z,2024-02-11T22:35:00Z,M1.0,-4.9723,-2.3376,1.0,-5.7937,0,,,0,0.0,
202402120336,2024-02-12T03:48:00Z,2024-02-12T03:36:00Z,M6.4,-4.1916,-1.642,1.0792,-5.4596,1,25.81,-12.96,0,0.0,
202402121250,2024-02-12T13:08:00Z,2024-02-12T12:50:00Z,M1.1,-4.9485,-2.0568,1.2553,-5.4445,1,30.38,-18.27,0,0.0,
202402121531,2024-02-12T15:48:00Z,2024-02-12T15:31:00Z,M1.4,-4.8409,-1.9335,1.2304,-5.3958,1,24.63,-14.5,0,0.0,
202402122035,2024-02-12T21:17:00Z,2024-02-12T20:35:00Z,M2.6,-4.574,-1.2861,1.6232,-5.0832,1,-67.48,25.21,0,0.0,
202402140302,2024-02-14T03:10:00Z,2024-02-14T03:02:00Z,M1.0,-4.9805,-2.3111,0.9031,-5.7787,1,26.85,5.99,0,0.0,
202402140726,2024-02-14T07:35:00Z,2024-02-14T07:26:00Z,M1.0,-4.9955,-2.3776,0.9542,-5.7361,1,57.83,-17.06,0,0.0,
202402151650,2024-02-15T17:07:00Z,2024-02-15T16:50:00Z,M1.8,-4.7317,-1.8877,1.2304,-5.5844,1,78.79,-14.46,0,0.0,
202402160239,2024-02-16T02:51:00Z,2024-02-16T02:39:00Z,M1.5,-4.8147,-2.1843,1.0792,-5.7901,1,80.88,-14.44,0,0.0,
202402160642,2024-02-16T06:53:00Z,2024-02-16T06:42:00Z,X2.5,-3.6012,-1.1416,1.0414,-5.6412,1,86.19,-16.66,0,0.0,
202402162157,2024-02-16T22:09:00Z,2024-02-16T21:57:00Z,M3.0,-4.519,-1.909,1.0792,-5.5221,1,79.94,-15.55,0,0.0,
202402212252,2024-02-21T23:07:00Z,2024-02-21T22:52:00Z,X1.8,-3.7334,-1.1217,1.1761,-5.5266,1,-36.77,18.71,0,0.0,
202402212358,2024-02-22T00:14:00Z,2024-02-21T23:58:00Z,M1.5,-4.8084,-1.8278,1.2041,-5.1599,1,-68.8,-29.99,0,0.0,
202402220617,2024-02-22T06:32:00Z,2024-02-22T06:17:00Z,X1.6,-3.7808,-1.2312,1.1761,-5.7685,1,-32.67,19.11,0,0.0,
202402222029,2024-02-22T20:46:00Z,2024-02-22T20:29:00Z,M4.7,-4.3199,-1.589,1.2304,-5.6392,1,-27.52,18.53,0,0.0,
202402222208,2024-02-22T22:34:00Z,2024-02-22T22:08:00Z,X6.3,-3.1976,-0.497,1.415,-5.6256,1,-23.58,20.08,0,0.0,
202402231312,2024-02-23T13:28:00Z,2024-02-23T13:12:00Z,M1.0,-4.992,-2.1076,1.2041,-5.537,1,-19.26,15.65,0,0.0,
202402231541,2024-02-23T15:53:00Z,2024-02-23T15:41:00Z,M1.4,-4.8301,-1.9618,1.0792,-5.2611,1,-17.35,18.22,0,0.0,
202402231726,2024-02-23T17:47:00Z,2024-02-23T17:26:00Z,M2.6,-4.5817,-1.705,1.3222,-5.5453,1,-16.4,16.88,0,0.0,
202402240621,2024-02-24T06:34:00Z,2024-02-24T06:21:00Z,M4.4,-4.3495,-1.6879,1.1139,-5.5271,1,-7.03,19.98,0,0.0,
202402241032,2024-02-24T10:57:00Z,2024-02-24T10:32:00Z,M2.1,-4.6594,-1.7144,1.3979,-5.5891,1,-7.78,15.61,0,0.0,
202402241103,2024-02-24T11:18:00Z,2024-02-24T11:03:00Z,M3.6,-4.4376,-1.5149,1.1761,-4.6868,1,-6.13,17.8,0,0.0,
202402251647,2024-02-25T17:22:00Z,2024-02-25T16:47:00Z,M2.0,-4.6825,-1.6098,1.5441,-5.7308,1,10.99,16.41,0,0.0,
202403082118,2024-03-08T21:26:00Z,2024-03-08T21:18:00Z,M1.3,-4.8839,-2.4513,0.9031,-6.2235,1,15.39,-12.92,0,0.0,
202403101200,2024-03-10T12:13:00Z,2024-03-10T12:00:00Z,M7.3,-4.1351,-1.5797,1.1139,-6.1124,1,39.23,-11.77,0,0.0,
202403161622,2024-03-16T16:35:00Z,2024-03-16T16:22:00Z,M3.4,-4.4582,-1.7572,1.1139,-5.8672,1,-75.71,-13.83,0,0.0,
202403162127,2024-03-16T21:55:00Z,2024-03-16T21:27:00Z,M1.1,-4.932,-1.8587,1.4472,-5.8093,0,,,0,0.0,
202403180320,2024-03-18T03:32:00Z,2024-03-18T03:20:00Z,M2.7,-4.5589,-1.8597,1.0792,-5.8425,0,,,0,0.0,
202403180406,2024-03-18T04:15:00Z,2024-03-18T04:06:00Z,M1.0,-4.9692,-2.2409,0.9542,-5.5383,0,,,0,0.0,
202403181902,2024-03-18T19:19:00Z,2024-03-18T19:02:00Z,M6.6,-4.1744,-1.4657,1.2304,-5.4906,1,-65.28,-8.64,0,0.0,
202403190224,2024-03-19T02:29:00Z,2024-03-19T02:24:00Z,M1.4,-4.8381,-2.381,0.699,-5.6496,1,-63.57,-10.9,0,0.0,
202403222018,2024-03-22T20:32:00Z,2024-03-22T20:18:00Z,M4.2,-4.3716,-1.6117,1.1461,-5.2586,1,-17.29,-11.63,0,0.0,
202403230058,2024-03-23T01:33:00Z,2024-03-23T00:58:00Z,X1.0,-3.9613,-0.9145,1.5441,-5.276,1,-9.91,6.65,1,956.0,6.7
202403230647,2024-03-23T06:55:00Z,2024-03-23T06:47:00Z,M1.1,-4.9562,-2.2779,0.9031,-5.2761,1,-4.72,-14.75,0,0.0,
202403230701,2024-03-23T07:09:00Z,2024-03-23T07:01:00Z,M2.4,-4.6092,-1.8728,0.9031,-5.1852,1,-10.74,-11.86,0,0.0,
202403230726,2024-03-23T07:38:00Z,2024-03-23T07:26:00Z,M3.0,-4.5131,-1.6037,1.0792,-4.6839,1,-10.69,-13.23,0,0.0,
202403231122,2024-03-23T11:29:00Z,2024-03-23T11:22:00Z,M1.0,-4.98,-2.2502,0.8451,-5.2052,1,-8.4,-13.65,0,0.0,
202403231236,2024-03-23T12:47:00Z,2024-03-23T12:36:00Z,M1.3,-4.8758,-2.1355,1.0414,-5.4201,1,-7.99,-13.5,0,0.0,
202403231304,2024-03-23T13:11:00Z,2024-03-23T13:04:00Z,M1.1,-4.9304,-2.1989,0.8451,-5.1497,1,-13.73,-9.3,0,0.0,
202403231331,2024-03-23T13:37:00Z,2024-03-23T13:31:00Z,M1.9,-4.7108,-2.0935,0.7782,-5.1742,1,-9.29,-11.28,0,0.0,
202403231351,2024-03-23T13:52:00Z,2024-03-23T13:51:00Z,M5.1,-4.2896,-1.8464,0.0,-5.0668,1,-4.44,-10.87,0,0.0,
202403231449,2024-03-23T14:53:00Z,2024-03-23T14:49:00Z,M1.5,-4.8096,-2.2323,0.6021,-5.0647,1,-2.75,-12.24,0,0.0,
202403231501,2024-03-23T15:13:00Z,2024-03-23T15:01:00Z,M3.7,-4.4238,-1.6097,1.0792,-5.0117,1,-5.11,-12.3,0,0.0,
202403231517,2024-03-23T15:22:00Z,2024-03-23T15:17:00Z,M3.7,-4.4259,-1.7,0.699,-4.444,1,-3.59,-13.14,0,0.0,
202403231622,2024-03-23T16:51:00Z,2024-03-23T16:22:00Z,M2.7,-4.5581,-1.4145,1.4624,-5.1756,1,-7.88,-12.09,0,0.0,
202403232330,2024-03-23T23:49:00Z,2024-03-23T23:30:00Z,M2.4,-4.6126,-1.7425,1.2788,-5.4786,1,0.45,-11.26,0,0.0,
202403240111,2024-03-24T01:25:00Z,2024-03-24T01:11:00Z,M1.4,-4.8405,-1.896,1.1461,-5.0163,1,-1.64,-14.78,0,0.0,
202403240143,2024-03-24T01:54:00Z,2024-03-24T01:43:00Z,M2.1,-4.6691,-1.8943,1.0414,-5.085,1,0.41,-12.92,0,0.0,
202403240157,2024-03-24T02:05:00Z,2024-03-24T01:57:00Z,M2.3,-4.6255,-1.7907,0.9031,-4.7031,1,-0.21,-12.82,0,0.0,
202403240209,2024-03-24T02:18:00Z,2024-03-24T02:09:00Z,M2.6,-4.5719,-1.7003,0.9542,-4.6288,1,-0.72,-13.74,0,0.0,
202403240559,2024-03-24T06:06:00Z,2024-03-24T05:59:00Z,M2.2,-4.6454,-2.2295,0.8451,-5.3618,1,4.4,-12.64,0,0.0,
202403240736,2024-03-24T07:51:00Z,2024-03-24T07:36:00Z,M1.3,-4.8641,-1.906,1.1761,-5.252,1,1.13,-13.37,0,0.0,
202403241210,2024-03-24T12:18:00Z,2024-03-24T12:10:00Z,M1.1,-4.9527,-2.2613,0.9031,-5.2251,1,8.1,-14.09,0,0.0,
202403241227,2024-03-24T12:34:00Z,2024-03-24T12:27:00Z,M1.0,-4.9803,-2.2588,0.8451,-5.1546,1,4.92,-13.26,0,0.0,
202403241300,2024-03-24T13:14:00Z,2024-03-24T13:00:00Z,M1.2,-4.8988,-2.0308,1.1461,-5.3034,1,2.66,-12.64,0,0.0,
202403250637,2024-03-25T06:44:00Z,2024-03-25T06:37:00Z,M4.4,-4.3564,-2.106,0.8451,-5.6567,1,24.28,-10.53,0,0.0,
202403260028,2024-03-26T00:36:00Z,2024-03-26T00:28:00Z,M1.8,-4.7241,-2.4558,0.9031,-5.6039,1,33.9,-11.44,0,0.0,
202403261012,2024-03-26T10:17:00Z,2024-03-26T10:12:00Z,M1.0,-4.9901,-2.4534,0.699,-5.6764,1,25.36,-13.87,0,0.0,
202403261036,2024-03-26T10:43:00Z,2024-03-26T10:36:00Z,M1.3,-4.8737,-2.2478,0.8451,-5.608,1,34.14,-10.58,0,0.0,
202403261255,2024-03-26T13:30:00Z,2024-03-26T12:55:00Z,M1.9,-4.7165,-1.5843,1.5441,-5.2362,1,31.17,-15.53,0,0.0,
202403261341,2024-03-26T13:46:00Z,2024-03-26T13:41:00Z,M1.6,-4.7736,-2.0681,0.699,-4.8403,1,40.39,-6.73,0,0.0,
202403262143,2024-03-26T21:58:00Z,2024-03-26T21:43:00Z,M1.6,-4.7758,-2.0072,1.1761,-5.6739,1,41.0,-12.23,0,0.0,
202403270137,2024-03-27T01:44:00Z,2024-03-27T01:37:00Z,M1.1,-4.9568,-2.3143,0.8451,-5.6215,1,42.88,-10.9,0,0.0,
202403270633,2024-03-27T06:41:00Z,2024-03-27T06:33:00Z,M1.1,-4.9467,-2.3824,0.9031,-5.5148,1,39.08,-13.43,0,0.0,
202403280616,2024-03-28T06:29:00Z,2024-03-28T06:16:00Z,M7.0,-4.1541,-1.5551,1.1139,-5.5577,1,53.16,-12.52,0,0.0,
202404111652,2024-04-11T17:06:00Z,2024-04-11T16:52:00Z,M5.3,-4.2712,-1.7182,1.1461,-5.7774,1,-67.96,-9.5,0,0.0,
202404130458,2024-04-13T05:02:00Z,2024-04-13T04:58:00Z,M2.3,-4.6225,-2.4066,0.6021,-5.8658,1,-73.96,-10.95,0,0.0,
202404140224,2024-04-14T02:32:00Z,2024-04-14T02:24:00Z,M4.2,-4.3713,-2.0381,0.9031,-5.8601,1,-58.3,-10.05,0,0.0,
202404150106,2024-04-15T01:18:00Z,2024-04-15T01:06:00Z,M1.7,-4.7594,-2.101,1.0792,-5.7086,1,-59.42,28.35,0,0.0,
202404150715,2024-04-15T07:32:00Z,2024-04-15T07:15:00Z,M1.0,-4.9652,-1.9585,1.2304,-5.134,1,-60.72,29.63,0,0.0,
202404150838,2024-04-15T08:42:00Z,2024-04-15T08:38:00Z,M2.3,-4.6282,-2.1376,0.6021,-5.3663,1,30.27,27.14,0,0.0,
202404150921,2024-04-15T09:32:00Z,2024-04-15T09:21:00Z,M1.2,-4.9169,-2.2141,1.0414,-5.5441,1,-59.89,29.39,0,0.0,
202404151343,2024-04-15T13:58:00Z,2024-04-15T13:43:00Z,M1.1,-4.949,-2.1427,1.1761,-5.5874,1,-51.95,24.62,0,0.0,
202404151408,2024-04-15T14:17:00Z,2024-04-15T14:08:00Z,M2.2,-4.6573,-1.8688,0.9542,-5.0098,1,-54.37,28.89,0,0.0,
202404151925,2024-04-15T19:31:00Z,2024-04-15T19:25:00Z,M3.5,-4.4457,-1.992,0.7782,-5.7035,1,-52.02,30.81,0,0.0,
202404161749,2024-04-16T18:02:00Z,2024-04-16T17:49:00Z,M1.1,-4.9456,-2.0673,1.1139,-5.4163,1,-35.77,-0.77,0,0.0,
202404172155,2024-04-17T22:08:00Z,2024-04-17T21:55:00Z,M1.6,-4.7892,-2.068,1.1139,-5.5361,1,-23.3,-7.74,0,0.0,
202404180232,2024-04-18T02:48:00Z,2024-04-18T02:32:00Z,M2.2,-4.6527,-1.9119,1.2041,-5.3239,1,-19.13,-15.68,0,0.0,
202404180717,2024-04-18T07:37:00Z,2024-04-18T07:17:00Z,M1.2,-4.8887,-1.9223,1.301,-5.5243,1,-25.25,-11.76,0,0.0,
202404181922,2024-04-18T20:01:00Z,2024-04-18T19:22:00Z,M1.5,-4.7986,-1.586,1.5911,-5.4658,1,-17.67,-12.47,0,0.0,
202404182012,2024-04-18T20:16:00Z,2024-04-18T20:12:00Z,M1.5,-4.7972,-2.123,0.6021,-4.8154,1,-18.11,-12.85,0,0.0,
202404190440,2024-04-19T04:53:00Z,2024-04-19T04:40:00Z,M2.1,-4.6687,-1.9668,1.1139,-5.5176,1,-8.92,-10.03,0,0.0,
202404191253,2024-04-19T13:06:00Z,2024-04-19T12:53:00Z,M1.0,-4.996,-2.205,1.1139,-5.6151,1,-0.75,-18.83,0,0.0,
202404211239,2024-04-21T12:59:00Z,2024-04-21T12:39:00Z,M1.0,-4.9942,-2.0475,1.301,-5.5595,1,27.78,-6.74,0,0.0,
202404211507,2024-04-21T15:14:00Z,2024-04-21T15:07:00Z,M2.2,-4.6468,-2.0839,0.8451,-5.5635,1,33.63,-17.24,0,0.0,
202404212144,2024-04-21T21:52:00Z,2024-04-21T21:44:00Z,M3.3,-4.4694,-1.9223,0.9031,-5.5056,1,37.87,-17.89,0,0.0,
202404220758,2024-04-22T08:13:00Z,2024-04-22T07:58:00Z,M1.0,-4.9768,-2.0661,1.1761,-5.391,1,38.37,-4.96,0,0.0,
202404221313,2024-04-22T13:35:00Z,2024-04-22T13:13:00Z,M1.6,-4.7846,-1.8021,1.3424,-5.3977,1,25.54,-11.96,0,0.0,
202404221446,2024-04-22T14:55:00Z,2024-04-22T14:46:00Z,M1.1,-4.9451,-2.1145,0.9542,-5.0968,1,42.73,-6.77,0,0.0,
202404221508,2024-04-22T15:19:00Z,2024-04-22T15:08:00Z,M1.6,-4.779,-1.9171,1.0414,-4.9992,1,9.21,12.19,0,0.0,
202404221541,2024-04-22T15:50:00Z,2024-04-22T15:41:00Z,M2.7,-4.5555,-1.776,0.9542,-4.9425,1,-53.15,-9.74,0,0.0,
202404221626,2024-04-22T16:30:00Z,2024-04-22T16:26:00Z,M1.0,-4.9761,-2.3406,0.6021,-5.1338,1,-40.42,-19.24,0,0.0,
202404222106,2024-04-22T21:16:00Z,2024-04-22T21:06:00Z,M1.5,-4.7987,-2.1058,1.0,-5.3371,1,44.19,-19.65,0,0.0,
202404222300,2024-04-22T23:18:00Z,2024-04-22T23:00:00Z,M1.0,-4.9733,-1.905,1.2553,-5.1069,1,52.94,-6.96,0,0.0,
202404230306,2024-04-23T03:19:00Z,2024-04-23T03:06:00Z,M3.6,-4.4436,-1.7142,1.1139,-5.4765,1,-37.33,-4.18,0,0.0,
202404230807,2024-04-23T08:21:00Z,2024-04-23T08:07:00Z,M3.0,-4.52,-1.8288,1.1461,-5.5029,1,-38.71,-3.91,0,0.0,
202404231733,2024-04-23T17:44:00Z,2024-04-23T17:33:00Z,M2.9,-4.5294,-1.7295,1.0414,-5.078,1,59.14,-17.75,0,0.0,
202404240013,2024-04-24T00:29:00Z,2024-04-24T00:13:00Z,M1.7,-4.759,-1.9191,1.2041,-5.4288,1,60.41,-9.31,0,0.0,
202404240038,2024-04-24T00:42:00Z,2024-04-24T00:38:00Z,M1.6,-4.7861,-2.1151,0.6021,-4.8055,1,64.16,-11.04,0,0.0,
202404240230,2024-04-24T02:39:00Z,2024-04-24T02:30:00Z,M1.7,-4.7458,-2.1389,0.9542,-5.4001,1,65.39,-17.22,0,0.0,
202404241207,2024-04-24T12:14:00Z,2024-04-24T12:07:00Z,M1.4,-4.8299,-2.213,0.8451,-5.5605,1,73.27,-6.78,0,0.0,
202404242227,2024-04-24T22:50:00Z,2024-04-24T22:27:00Z,M1.1,-4.9437,-1.8488,1.3617,-5.3465,0,,,0,0.0,
202404242254,2024-04-24T22:59:00Z,2024-04-24T22:54:00Z,M2.0,-4.6838,-2.0396,0.699,-4.9652,0,,,0,0.0,
202404250140,2024-04-25T01:49:00Z,2024-04-25T01:40:00Z,M1.0,-4.988,-2.1355,0.9542,-5.0944,1,71.24,-7.07,0,0.0,
202404251703,2024-04-25T17:12:00Z,2024-04-25T17:03:00Z,M1.3,-4.8589,-2.3994,0.9542,-5.6791,1,70.72,-17.71,0,0.0,
202404271223,2024-04-27T12:35:00Z,2024-04-27T12:23:00Z,M2.1,-4.6669,-1.9233,1.0792,-5.6309,1,15.5,-6.14,0,0.0,
202404272129,2024-04-27T21:40:00Z,2024-04-27T21:29:00Z,M3.0,-4.5138,-1.7574,1.0414,-5.4373,1,19.6,-5.0,0,0.0,
202404290033,2024-04-29T00:48:00Z,2024-04-29T00:33:00Z,M2.5,-4.6012,-1.9359,1.1761,-5.798,1,38.07,-5.95,0,0.0,
202404290054,2024-04-29T01:11:00Z,2024-04-29T00:54:00Z,M3.6,-4.4347,-1.4591,1.2304,-4.75,1,37.63,-5.15,0,0.0,
202404300046,2024-04-30T01:14:00Z,2024-04-30T00:46:00Z,M1.6,-4.7885,-1.7889,1.4472,-5.9341,1,52.1,-6.66,0,0.0,
202404301450,2024-04-30T15:11:00Z,2024-04-30T14:50:00Z,M1.2,-4.9152,-2.0494,1.3222,-5.8853,1,56.98,-7.4,0,0.0,
202404301611,2024-04-30T16:33:00Z,2024-04-30T16:11:00Z,M1.3,-4.8856,-1.9202,1.3424,-5.602,1,60.72,-5.82,0,0.0,
202404302324,2024-04-30T23:46:00Z,2024-04-30T23:24:00Z,M9.4,-4.0261,-1.4202,1.3424,-5.9505,1,64.53,-4.67,0,0.0,
202405011417,2024-05-01T14:32:00Z,2024-05-01T14:17:00Z,M1.8,-4.7352,-1.9674,1.1761,-6.0483,1,75.45,-6.61,0,0.0,
202405011438,2024-05-01T14:44:00Z,2024-05-01T14:38:00Z,M1.9,-4.7161,-1.9667,0.7782,-4.7853,1,78.59,-6.61,0,0.0,
202405012223,2024-05-01T22:31:00Z,2024-05-01T22:23:00Z,M1.8,-4.7323,-2.2785,0.9031,-6.0028,1,-22.5,25.72,0,0.0,
202405020207,2024-05-02T02:17:00Z,2024-05-02T02:07:00Z,M1.0,-4.9694,-2.34,1.0,-5.9593,1,-19.69,25.13,0,0.0,
202405022052,2024-05-02T20:57:00Z,2024-05-02T20:52:00Z,M2.7,-4.5603,-2.1881,0.699,-5.7337,1,-54.75,-17.58,0,0.0,
202405030008,2024-05-03T00:15:00Z,2024-05-03T00:08:00Z,M2.7,-4.56,-2.2299,0.8451,-5.7288,1,-50.74,-16.47,0,0.0,
202405030211,2024-05-03T02:22:00Z,2024-05-03T02:11:00Z,X1.6,-3.7844,-1.3058,1.0414,-5.6233,1,-4.56,27.42,0,0.0,
202405030805,2024-05-03T08:11:00Z,2024-05-03T08:05:00Z,M4.4,-4.3519,-1.8397,0.7782,-5.6228,1,-3.66,25.27,0,0.0,
202405032225,2024-05-03T22:47:00Z,2024-05-03T22:25:00Z,M1.2,-4.918,-1.909,1.3424,-5.6414,1,68.38,-5.98,0,0.0,
202405032311,2024-05-03T23:16:00Z,2024-05-03T23:11:00Z,M1.0,-4.9641,-2.2907,0.699,-5.0977,1,33.94,4.63,0,0.0,
202405032324,2024-05-03T23:30:00Z,2024-05-03T23:24:00Z,M2.4,-4.6142,-1.9604,0.7782,-5.0893,1,6.45,27.63,0,0.0,
202405040026,2024-05-04T00:36:00Z,2024-05-04T00:26:00Z,M1.6,-4.7928,-2.0619,1.0,-5.3138,1,0.72,23.54,0,0.0,
202405040602,2024-05-04T06:19:00Z,2024-05-04T06:02:00Z,M9.0,-4.0449,-1.3792,1.2304,-5.6773,1,11.86,27.54,0,0.0,
202405040704,2024-05-04T07:07:00Z,2024-05-04T07:04:00Z,M1.5,-4.8174,-2.3371,0.4771,-5.1361,1,3.14,21.72,0,0.0,
202405041810,2024-05-04T18:20:00Z,2024-05-04T18:10:00Z,M1.3,-4.8855,-2.2284,1.0,-5.4549,1,16.12,25.61,0,0.0,
202405042223,2024-05-04T22:37:00Z,2024-05-04T22:23:00Z,M3.2,-4.4892,-1.7954,1.1461,-5.4866,1,16.83,25.72,0,0.0,
202405042328,2024-05-04T23:48:00Z,2024-05-04T23:28:00Z,M8.9,-4.0461,-1.1837,1.301,-5.0816,1,18.22,26.19,0,0.0,
202405050115,2024-05-05T01:27:00Z,2024-05-05T01:15:00Z,M8.3,-4.0796,-1.3999,1.0792,-5.0893,1,22.17,27.13,0,0.0,
202405050547,2024-05-05T06:01:00Z,2024-05-05T05:47:00Z,X1.2,-3.8908,-1.2881,1.1461,-5.2659,1,23.83,25.73,0,0.0,
202405050807,2024-05-05T08:19:00Z,2024-05-05T08:07:00Z,M1.2,-4.8904,-2.0614,1.0792,-5.2335,1,19.53,22.4,0,0.0,
202405050923,2024-05-05T09:38:00Z,2024-05-05T09:23:00Z,M2.3,-4.6319,-1.7079,1.1761,-5.152,1,-23.12,-21.65,0,0.0,
202405050953,2024-05-05T10:00:00Z,2024-05-05T09:53:00Z,M7.3,-4.1324,-1.4539,0.8451,-4.7519,1,16.37,19.04,0,0.0,
202405051141,2024-05-05T11:54:00Z,2024-05-05T11:41:00Z,X1.2,-3.9014,-1.1852,1.1139,-5.1451,1,27.92,28.37,0,0.0,
202405051433,2024-05-05T14:47:00Z,2024-05-05T14:33:00Z,M1.3,-4.8833,-1.9984,1.1461,-5.2455,1,12.75,11.74,0,0.0,
202405051528,2024-05-05T15:38:00Z,2024-05-05T15:28:00Z,M2.2,-4.6515,-1.8787,1.0,-5.0991,1,26.3,25.24,0,0.0,
202405051655,2024-05-05T17:01:00Z,2024-05-05T16:55:00Z,M1.3,-4.8699,-2.1937,0.7782,-5.1151,1,-16.22,-12.08,0,0.0,
202405051834,2024-05-05T18:40:00Z,2024-05-05T18:34:00Z,M1.0,-4.9839,-2.3367,0.7782,-5.2638,1,-17.43,-19.91,0,0.0,
202405051944,2024-05-05T19:52:00Z,2024-05-05T19:44:00Z,M1.3,-4.8689,-2.1923,0.9031,-5.2749,1,28.33,24.45,0,0.0,
202405060047,2024-05-06T01:06:00Z,2024-05-06T00:47:00Z,M1.6,-4.7952,-1.9088,1.2788,-5.4607,1,27.83,23.01,0,0.0,
202405060509,2024-05-06T05:28:00Z,2024-05-06T05:09:00Z,M1.3,-4.8837,-1.8971,1.2788,-5.4052,1,37.42,24.84,0,0.0,
202405060538,2024-05-06T06:35:00Z,2024-05-06T05:38:00Z,X4.4,-3.3561,-0.4215,1.7559,-4.9554,1,37.64,26.42,0,0.0,
202405060949,2024-05-06T09:59:00Z,2024-05-06T09:49:00Z,M1.5,-4.8139,-2.113,1.0,-5.2419,1,38.96,24.48,0,0.0,
202405062137,2024-05-06T21:48:00Z,2024-05-06T21:37:00Z,M1.2,-4.8942,-2.207,1.0414,-5.6298,1,40.71,25.25,0,0.0,
202405062158,2024-05-06T22:27:00Z,2024-05-06T21:58:00Z,M4.2,-4.3671,-1.3235,1.4624,-5.0354,1,42.95,26.44,0,0.0,
202405070041,2024-05-07T00:58:00Z,2024-05-07T00:41:00Z,M2.6,-4.5781,-1.5964,1.2304,-4.8983,1,29.61,15.9,0,0.0,
202405070559,2024-05-07T06:16:00Z,2024-05-07T05:59:00Z,M5.1,-4.2903,-1.463,1.2304,-5.4029,1,44.62,25.72,0,0.0,
202405070818,2024-05-07T08:23:00Z,2024-05-07T08:18:00Z,M1.3,-4.8787,-2.2922,0.699,-5.2885,1,58.55,27.54,0,0.0,
202405071140,2024-05-07T11:50:00Z,2024-05-07T11:40:00Z,M2.4,-4.6126,-1.8571,1.0,-5.5371,1,6.33,-15.9,0,0.0,
202405071243,2024-05-07T12:54:00Z,2024-05-07T12:43:00Z,M1.5,-4.8027,-2.1157,1.0414,-5.3822,1,55.83,25.35,0,0.0,
202405071316,2024-05-07T13:25:00Z,2024-05-07T13:16:00Z,M1.0,-4.9825,-2.152,0.9542,-5.1471,1,57.22,27.63,0,0.0,
202405071332,2024-05-07T13:35:00Z,2024-05-07T13:32:00Z,M1.0,-4.9817,-2.374,0.4771,-5.0088,1,63.26,30.09,0,0.0,
202405071621,2024-05-07T16:30:00Z,2024-05-07T16:21:00Z,M8.1,-4.0868,-1.6482,0.9542,-5.4361,1,59.05,26.25,0,0.0,
202405071957,2024-05-07T20:22:00Z,2024-05-07T19:57:00Z,M2.1,-4.6719,-1.7368,1.3979,-5.3341,1,6.05,-20.24,0,0.0,
202405072113,2024-05-07T21:26:00Z,2024-05-07T21:13:00Z,M3.3,-4.4806,-1.6125,1.1139,-4.9398,1,60.66,27.19,0,0.0,
202405072142,2024-05-07T21:53:00Z,2024-05-07T21:42:00Z,M3.2,-4.4885,-1.5603,1.0414,-4.575,1,50.89,21.74,0,0.0,
202405080138,2024-05-08T01:41:00Z,2024-05-08T01:38:00Z,X1.0,-3.9781,-1.4922,0.4771,-5.287,1,66.13,26.78,0,0.0,
202405080216,2024-05-08T02:27:00Z,2024-05-08T02:16:00Z,M3.3,-4.4689,-1.6971,1.0414,-5.1338,1,5.06,-15.15,0,0.0,
202405080319,2024-05-08T03:27:00Z,2024-05-08T03:19:00Z,M1.8,-4.7252,-1.9697,0.9031,-4.9694,1,9.7,-19.15,0,0.0,
202405080338,2024-05-08T03:42:00Z,2024-05-08T03:38:00Z,M1.9,-4.7081,-2.0619,0.6021,-4.7891,1,7.71,-19.97,0,0.0,
202405080421,2024-05-08T04:30:00Z,2024-05-08T04:21:00Z,M3.5,-4.4534,-1.736,0.9542,-4.9158,1,10.29,-19.05,0,0.0,
202405080437,2024-05-08T05:09:00Z,2024-05-08T04:37:00Z,X1.0,-3.993,-0.8374,1.5051,-4.5892,1,11.08,-19.75,0,0.0,
202405080644,2024-05-08T06:53:00Z,2024-05-08T06:44:00Z,M7.0,-4.1495,-1.446,0.9542,-4.7934,1,19.22,-17.33,0,0.0,
202405080729,2024-05-08T07:41:00Z,2024-05-08T07:29:00Z,M4.4,-4.3499,-1.4971,1.0792,-4.7117,0,,,0,0.0,
202405080931,2024-05-08T09:37:00Z,2024-05-08T09:31:00Z,M1.8,-4.7283,-2.0068,0.7782,-4.8675,1,25.65,-8.12,0,0.0,
202405080943,2024-05-08T09:48:00Z,2024-05-08T09:43:00Z,M2.1,-4.6776,-1.9933,0.699,-4.826,1,33.52,2.98,0,0.0,
202405081109,2024-05-08T11:22:00Z,2024-05-08T11:09:00Z,M4.0,-4.3884,-1.5769,1.1139,-4.87,1,56.61,22.25,0,0.0,
202405081126,2024-05-08T12:04:00Z,2024-05-08T11:26:00Z,M8.5,-4.0664,-0.8484,1.5798,-4.4181,1,12.67,-15.96,0,0.0,
202405081732,2024-05-08T17:53:00Z,2024-05-08T17:32:00Z,M7.8,-4.1064,-1.3278,1.3222,-5.2218,1,12.22,-15.92,0,0.0,
202405081814,2024-05-08T18:36:00Z,2024-05-08T18:14:00Z,M2.9,-4.5288,-1.4699,1.3424,-4.8859,1,72.48,24.66,0,0.0,
202405081915,2024-05-08T19:21:00Z,2024-05-08T19:15:00Z,M2.0,-4.6893,-1.9641,0.7782,-4.854,1,14.63,-19.28,0,0.0,
202405082027,2024-05-08T20:34:00Z,2024-05-08T20:27:00Z,M1.7,-4.7527,-2.0019,0.8451,-4.9019,1,17.37,-16.67,0,0.0,
202405082108,2024-05-08T21:40:00Z,2024-05-08T21:08:00Z,M9.9,-4.0014,-0.9588,1.5051,-4.9172,1,17.94,-18.08,0,0.0,
202405082205,2024-05-08T22:27:00Z,2024-05-08T22:05:00Z,M9.7,-4.0104,-0.87,1.3424,-4.1738,1,21.87,-19.99,0,0.0,
202405090307,2024-05-09T03:17:00Z,2024-05-09T03:07:00Z,M3.9,-4.3989,-1.778,1.0,-5.1507,1,23.68,-19.38,0,0.0,
202405090323,2024-05-09T03:32:00Z,2024-05-09T03:23:00Z,M4.5,-4.3443,-1.5333,0.9542,-4.585,1,23.72,-20.27,0,0.0,
202405090444,2024-05-09T04:49:00Z,2024-05-09T04:44:00Z,M1.7,-4.7627,-2.1482,0.699,-5.0873,1,27.65,-18.1,0,0.0,
202405090603,2024-05-09T06:13:00Z,2024-05-09T06:03:00Z,M2.3,-4.6348,-1.8487,1.0,-5.071,1,29.11,-21.08,0,0.0,
202405090624,2024-05-09T06:27:00Z,2024-05-09T06:24:00Z,M2.4,-4.6083,-2.0458,0.4771,-4.7569,1,25.58,-23.06,0,0.0,
202405090830,2024-05-09T08:40:00Z,2024-05-09T08:30:00Z,M2.0,-4.6791,-1.8466,1.0,-4.9408,1,34.22,-2.91,0,0.0,
202405090845,2024-05-09T09:13:00Z,2024-05-09T08:45:00Z,X2.1,-3.658,-0.6248,1.4472,-4.7084,1,24.17,-18.58,0,0.0,
202405091152,2024-05-09T11:56:00Z,2024-05-09T11:52:00Z,M3.0,-4.5107,-1.9738,0.6021,-4.9463,1,40.06,-14.12,0,0.0,
202405091205,2024-05-09T12:12:00Z,2024-05-09T12:05:00Z,M2.9,-4.5275,-1.7783,0.8451,-4.7538,1,33.67,-11.2,0,0.0,
202405091316,2024-05-09T13:23:00Z,2024-05-09T13:16:00Z,M3.7,-4.4288,-1.8284,0.8451,-5.0754,1,31.94,-16.13,0,0.0,
202405091723,2024-05-09T17:44:00Z,2024-05-09T17:23:00Z,X1.0,-3.9595,-1.0217,1.3222,-5.1455,1,28.87,-15.79,0,0.0,
202405092224,2024-05-09T22:41:00Z,2024-05-09T22:24:00Z,M2.6,-4.5728,-1.69,1.2304,-5.0813,1,42.24,-10.85,0,0.0,
202405092304,2024-05-09T23:08:00Z,2024-05-09T23:04:00Z,M1.2,-4.9026,-2.2699,0.6021,-5.0519,0,,,0,0.0,
202405092344,2024-05-09T23:51:00Z,2024-05-09T23:44:00Z,M1.5,-4.8007,-2.1656,0.8451,-5.1936,1,35.03,-20.66,0,0.0,
202405100010,2024-05-10T00:13:00Z,2024-05-10T00:10:00Z,M1.3,-4.8611,-2.2977,0.4771,-5.0298,1,29.45,-19.89,0,0.0,
202405100315,2024-05-10T03:29:00Z,2024-05-10T03:15:00Z,M1.4,-4.8427,-1.9361,1.1461,-5.1188,1,-65.97,-13.12,0,0.0,
202405100614,2024-05-10T06:24:00Z,2024-05-10T06:14:00Z,M1.3,-4.866,-2.0626,1.0,-5.169,1,37.37,-18.02,0,0.0,
202405100627,2024-05-10T06:54:00Z,2024-05-10T06:27:00Z,X3.8,-3.4109,-0.5276,1.4314,-4.8907,1,36.85,-14.41,1,208.0,6.68
202405101010,2024-05-10T10:14:00Z,2024-05-10T10:10:00Z,M2.2,-4.644,-2.0867,0.6021,-5.022,1,44.39,-18.2,0,0.0,
202405101358,2024-05-10T14:11:00Z,2024-05-10T13:58:00Z,M5.8,-4.2293,-1.4602,1.1139,-5.2259,1,40.31,-15.88,0,0.0,
202405101826,2024-05-10T18:32:00Z,2024-05-10T18:26:00Z,M1.1,-4.9402,-2.2252,0.7782,-5.0461,1,51.82,-21.2,0,0.0,
202405101838,2024-05-10T18:48:00Z,2024-05-10T18:38:00Z,M1.7,-4.7492,-1.9072,1.0,-4.9943,1,48.54,-18.79,0,0.0,
202405101857,2024-05-10T19:05:00Z,2024-05-10T18:57:00Z,M2.0,-4.6983,-1.8822,0.9031,-4.8007,1,44.88,-18.6,0,0.0,
202405101935,2024-05-10T19:53:00Z,2024-05-10T19:35:00Z,M1.1,-4.9313,-1.8752,1.2553,-5.1415,1,41.17,-17.47,0,0.0,
202405101956,2024-05-10T20:03:00Z,2024-05-10T19:56:00Z,M1.9,-4.7146,-1.9908,0.8451,-4.9349,1,48.92,-18.39,0,0.0,
202405102059,2024-05-10T21:08:00Z,2024-05-10T20:59:00Z,M3.7,-4.421,-1.7843,0.9542,-4.942,1,46.22,-15.13,0,0.0,
202405110110,2024-05-11T01:23:00Z,2024-05-11T01:10:00Z,X5.7,-3.2396,-0.4826,1.1139,-5.0034,1,45.55,-14.3,1,116.0,0.78
202405111003,2024-05-11T10:18:00Z,2024-05-11T10:03:00Z,M3.0,-4.5125,-1.5871,1.1761,-4.8831,1,59.08,-19.54,0,0.0,
202405111053,2024-05-11T10:56:00Z,2024-05-11T10:53:00Z,M1.6,-4.7891,-2.2632,0.4771,-5.0135,1,53.73,-11.97,0,0.0,
202405111115,2024-05-11T11:44:00Z,2024-05-11T11:15:00Z,X1.4,-3.8243,-0.8515,1.4624,-4.9504,1,62.28,-17.47,0,0.0,
202405111345,2024-05-11T13:49:00Z,2024-05-11T13:45:00Z,M1.7,-4.7538,-2.1793,0.6021,-5.028,1,58.17,-18.42,0,0.0,
202405111446,2024-05-11T15:25:00Z,2024-05-11T14:46:00Z,M8.7,-4.0579,-0.9451,1.5911,-5.0717,1,50.57,-15.42,0,0.0,
202405112032,2024-05-11T20:41:00Z,2024-05-11T20:32:00Z,M1.2,-4.9103,-2.1905,0.9542,-5.2382,1,65.86,-19.3,0,0.0,
202405120041,2024-05-12T00:45:00Z,2024-05-12T00:41:00Z,M3.2,-4.4934,-1.9495,0.6021,-5.3899,1,68.22,-17.73,0,0.0,
202405120537,2024-05-12T05:52:00Z,2024-05-12T05:37:00Z,M2.3,-4.6203,-1.7447,1.1761,-5.278,1,-65.55,18.96,0,0.0,
202405121227,2024-05-12T12:41:00Z,2024-05-12T12:27:00Z,M1.6,-4.7804,-1.9416,1.1461,-5.288,1,71.67,-18.01,0,0.0,
202405121340,2024-05-12T13:47:00Z,2024-05-12T13:40:00Z,M1.0,-4.9967,-2.3271,0.8451,-5.3143,1,-41.95,-10.24,0,0.0,
202405121349,2024-05-12T13:56:00Z,2024-05-12T13:49:00Z,M1.5,-4.8112,-2.0646,0.8451,-5.0545,1,42.03,-19.06,0,0.0,
202405121611,2024-05-12T16:26:00Z,2024-05-12T16:11:00Z,M9.9,-4.0019,-1.2265,1.1761,-5.2254,1,78.73,-17.82,0,0.0,
202405122017,2024-05-12T20:32:00Z,2024-05-12T20:17:00Z,M4.8,-4.3153,-1.5373,1.1761,-5.3166,1,80.48,-18.24,0,0.0,
202405122201,2024-05-12T22:06:00Z,2024-05-12T22:01:00Z,M1.1,-4.9394,-2.2887,0.699,-5.2163,1,72.45,-17.44,0,0.0,
202405122214,2024-05-12T22:18:00Z,2024-05-12T22:14:00Z,M1.1,-4.9502,-2.3301,0.6021,-5.1026,0,,,0,0.0,
202405130123,2024-05-13T01:33:00Z,2024-05-13T01:23:00Z,M1.2,-4.9036,-2.1151,1.0,-5.1883,0,,,0,0.0,
202405130806,2024-05-13T08:20:00Z,2024-05-13T08:06:00Z,M1.2,-4.8912,-2.001,1.1461,-5.2681,0,,,0,0.0,
202405130823,2024-05-13T08:29:00Z,2024-05-13T08:23:00Z,M1.4,-4.8385,-2.09,0.7782,-4.9091,0,,,0,0.0,
202405130847,2024-05-13T09:33:00Z,2024-05-13T08:47:00Z,M4.8,-4.3103,-1.1375,1.6628,-5.0187,0,,,0,0.0,
202405130936,2024-05-13T09:44:00Z,2024-05-13T09:36:00Z,M6.5,-4.1821,-1.4026,0.9031,-4.3208,0,,,0,0.0,
202405131256,2024-05-13T13:11:00Z,2024-05-13T12:56:00Z,M3.6,-4.4348,-1.5183,1.1761,-4.8582,0,,,0,0.0,
202405131732,2024-05-13T17:47:00Z,2024-05-13T17:32:00Z,M1.0,-4.9703,-1.9964,1.1761,-5.2207,1,-50.74,-8.61,0,0.0,
202405132148,2024-05-13T21:59:00Z,2024-05-13T21:48:00Z,M1.5,-4.7994,-2.0642,1.0414,-5.3404,1,78.28,-14.7,0,0.0,
202405140123,2024-05-14T01:48:00Z,2024-05-14T01:23:00Z,M2.5,-4.5919,-1.5884,1.3979,-5.2068,1,76.25,-12.63,0,0.0,
202405140203,2024-05-14T02:09:00Z,2024-05-14T02:03:00Z,X1.6,-3.7761,-1.1914,0.7782,-4.7588,1,88.13,-13.32,0,0.0,
202405141240,2024-05-14T12:55:00Z,2024-05-14T12:40:00Z,X1.2,-3.9159,-1.1692,1.1761,-5.1182,0,,,0,0.0,
202405141646,2024-05-14T16:51:00Z,2024-05-14T16:46:00Z,X8.5,-3.0673,-0.5082,0.699,-5.3003,0,,,0,0.0,
202405141725,2024-05-14T17:38:00Z,2024-05-14T17:25:00Z,M4.4,-4.3544,-1.4454,1.1139,-4.6687,0,,,0,0.0,
202405150818,2024-05-15T08:37:00Z,2024-05-15T08:18:00Z,X3.3,-3.47,-0.7635,1.2788,-5.0573,0,,,0,0.0,
202405151356,2024-05-15T14:06:00Z,2024-05-15T13:56:00Z,M2.8,-4.5424,-1.7376,1.0,-4.9997,0,,,0,0.0,
202405151410,2024-05-15T14:17:00Z,2024-05-15T14:10:00Z,M3.2,-4.488,-1.6935,0.8451,-4.5622,0,,,0,0.0,
202405151420,2024-05-15T14:38:00Z,2024-05-15T14:20:00Z,X2.9,-3.5356,-0.643,1.2553,-4.5041,1,-76.13,-9.06,0,0.0,
202405160750,2024-05-16T08:04:00Z,2024-05-16T07:50:00Z,M1.0,-4.987,-2.1343,1.1461,-5.6491,1,-74.64,-9.14,0,0.0,
202405172033,2024-05-17T21:08:00Z,2024-05-17T20:33:00Z,M7.1,-4.144,-1.2301,1.5441,-5.7438,1,-64.19,-9.25,0,0.0,
202405191337,2024-05-19T13:44:00Z,2024-05-19T13:37:00Z,M1.8,-4.7231,-2.3715,0.8451,-5.7974,1,-34.25,-8.01,0,0.0,
202405191747,2024-05-19T17:56:00Z,2024-05-19T17:47:00Z,M2.5,-4.5991,-2.1703,0.9542,-5.5163,1,-32.57,-9.06,0,0.0,
202405192153,2024-05-19T21:59:00Z,2024-05-19T21:53:00Z,M1.6,-4.7918,-2.2249,0.7782,-5.5475,1,-32.3,-9.5,0,0.0,
202405211919,2024-05-21T19:31:00Z,2024-05-21T19:19:00Z,M1.9,-4.7089,-2.1192,1.0792,-5.7936,1,48.49,-5.92,0,0.0,
202405220302,2024-05-22T03:13:00Z,2024-05-22T03:02:00Z,M1.5,-4.8226,-2.1927,1.0414,-5.7567,1,52.78,-5.94,0,0.0,
202405220338,2024-05-22T04:04:00Z,2024-05-22T03:38:00Z,M2.2,-4.6391,-1.636,1.415,-5.3495,0,,,0,0.0,
202405221351,2024-05-22T14:05:00Z,2024-05-22T13:51:00Z,M1.2,-4.9136,-2.0846,1.1461,-5.4026,1,60.79,-6.16,0,0.0,
202405230205,2024-05-23T02:16:00Z,2024-05-23T02:05:00Z,M4.1,-4.3785,-1.7022,1.0414,-5.257,1,67.67,-4.97,0,0.0,
202405230403,2024-05-23T04:29:00Z,2024-05-23T04:03:00Z,M1.7,-4.7647,-1.6669,1.415,-5.264,1,63.28,-11.26,0,0.0,
202405231248,2024-05-23T13:20:00Z,2024-05-23T12:48:00Z,M2.5,-4.5957,-1.488,1.5051,-5.3983,1,69.95,-10.1,0,0.0,
202405231553,2024-05-23T15:58:00Z,2024-05-23T15:53:00Z,M1.0,-4.9715,-2.3747,0.699,-5.3445,1,56.9,-9.72,0,0.0,
202405240628,2024-05-24T07:06:00Z,2024-05-24T06:28:00Z,M1.4,-4.8429,-1.641,1.5798,-5.4739,1,22.54,-11.7,0,0.0,
202405240751,2024-05-24T08:01:00Z,2024-05-24T07:51:00Z,M1.0,-4.9755,-2.3046,1.0,-5.4574,1,85.41,-8.46,0,0.0,
202405240808,2024-05-24T08:24:00Z,2024-05-24T08:08:00Z,M1.2,-4.8879,-1.8817,1.2041,-5.152,1,23.95,-15.51,0,0.0,
202405242005,2024-05-24T20:25:00Z,2024-05-24T20:05:00Z,M1.4,-4.8502,-1.9544,1.301,-5.8476,0,,,0,0.0,
202405270649,2024-05-27T07:08:00Z,2024-05-27T06:49:00Z,X2.8,-3.5479,-0.7791,1.2788,-5.5461,1,-69.74,-15.31,0,0.0,
202405290057,2024-05-29T01:06:00Z,2024-05-29T00:57:00Z,M1.2,-4.8891,-2.1828,0.9542,-5.2363,1,-60.82,-12.26,0,0.0,
202405290632,2024-05-29T06:45:00Z,2024-05-29T06:32:00Z,M1.4,-4.837,-1.9732,1.1139,-5.1971,1,-77.04,-20.24,0,0.0,
202405291109,2024-05-29T11:21:00Z,2024-05-29T11:09:00Z,M1.8,-4.7291,-2.0601,1.0792,-5.5677,1,-28.5,25.51,0,0.0,
202405291245,2024-05-29T12:55:00Z,2024-05-29T12:45:00Z,M2.5,-4.5959,-2.0361,1.0,-5.441,1,-63.01,-18.34,0,0.0,
202405291411,2024-05-29T14:37:00Z,2024-05-29T14:11:00Z,X1.4,-3.8496,-0.8229,1.415,-4.9334,1,-63.08,-18.13,0,0.0,
202405291815,2024-05-29T18:28:00Z,2024-05-29T18:15:00Z,M2.7,-4.5654,-1.7212,1.1139,-4.8996,1,-5.71,32.87,0,0.0,
202405291832,2024-05-29T18:41:00Z,2024-05-29T18:32:00Z,M5.6,-4.2468,-1.5299,0.9542,-4.6127,1,-7.34,30.57,0,0.0,
202405300649,2024-05-30T07:13:00Z,2024-05-30T06:49:00Z,M1.0,-4.9658,-1.9505,1.3802,-5.6952,1,-8.62,26.89,0,0.0,
202405311106,2024-05-31T11:20:00Z,2024-05-31T11:06:00Z,M1.0,-4.9698,-2.2246,1.1461,-5.7948,1,-43.67,-16.57,0,0.0,
202405312152,2024-05-31T22:03:00Z,2024-05-31T21:52:00Z,X1.1,-3.9387,-1.4616,1.0414,-5.6085,1,-30.27,-14.02,0,0.0,
202406010826,2024-06-01T08:48:00Z,2024-06-01T08:26:00Z,X1.3,-3.8566,-1.2602,1.3424,-5.4731,1,-25.9,-14.8,0,0.0,
202406011824,2024-06-01T18:36:00Z,2024-06-01T18:24:00Z,X1.0,-3.9999,-1.4097,1.0792,-5.6112,1,-20.44,-15.18,0,0.0,
202406020441,2024-06-02T04:50:00Z,2024-06-02T04:41:00Z,M1.2,-4.9168,-2.1922,0.9542,-5.4458,1,-17.89,-17.82,0,0.0,
202406020840,2024-06-02T08:50:00Z,2024-06-02T08:40:00Z,M1.9,-4.7013,-2.1253,1.0,-5.5324,1,-13.23,-15.92,0,0.0,
202406030459,2024-06-03T05:17:00Z,2024-06-03T04:59:00Z,M1.0,-4.9845,-2.0702,1.2553,-5.5292,1,-13.53,-21.35,0,0.0,
202406031149,2024-06-03T11:55:00Z,2024-06-03T11:49:00Z,M3.2,-4.4936,-1.9545,0.7782,-5.3926,1,1.91,-16.35,0,0.0,
202406031218,2024-06-03T12:27:00Z,2024-06-03T12:18:00Z,M2.7,-4.555,-2.0531,0.9542,-5.4905,1,1.81,-15.8,0,0.0,
202406031358,2024-06-03T14:11:00Z,2024-06-03T13:58:00Z,M4.7,-4.3223,-1.5708,1.1139,-5.5742,1,42.79,25.85,0,0.0,
202406040609,2024-06-04T06:31:00Z,2024-06-04T06:09:00Z,M2.4,-4.6152,-1.6337,1.3424,-5.3261,1,7.94,-19.42,0,0.0,
202406040857,2024-06-04T09:04:00Z,2024-06-04T08:57:00Z,M1.6,-4.7788,-2.3164,0.8451,-5.3778,1,13.12,-17.29,0,0.0,
202406050832,2024-06-05T08:56:00Z,2024-06-05T08:32:00Z,M3.4,-4.461,-1.6137,1.3802,-5.5744,1,25.48,-21.26,0,0.0,
202406050952,2024-06-05T10:07:00Z,2024-06-05T09:52:00Z,M2.5,-4.5855,-1.6954,1.1761,-4.9983,1,26.37,-18.38,0,0.0,
202406061450,2024-06-06T15:06:00Z,2024-06-06T14:50:00Z,M6.0,-4.2183,-1.4656,1.2041,-5.3348,1,44.43,-18.84,0,0.0,
202406070852,2024-06-07T09:13:00Z,2024-06-07T08:52:00Z,M4.0,-4.3972,-1.463,1.3222,-5.0913,1,-79.96,-7.92,0,0.0,
202406071611,2024-06-07T16:22:00Z,2024-06-07T16:11:00Z,M1.2,-4.8996,-2.0437,1.0414,-5.1482,1,52.72,-19.12,0,0.0,
202406080018,2024-06-08T00:28:00Z,2024-06-08T00:18:00Z,M1.8,-4.7369,-2.1594,1.0,-5.4764,1,-65.51,-8.96,0,0.0,
202406080039,2024-06-08T00:51:00Z,2024-06-08T00:39:00Z,M3.3,-4.4732,-1.7142,1.0792,-4.942,0,,,0,0.0,
202406080123,2024-06-08T01:49:00Z,2024-06-08T01:23:00Z,M9.6,-4.015,-0.975,1.415,-4.9233,1,69.9,-16.26,1,1030.0,1.1
202406080517,2024-06-08T05:28:00Z,2024-06-08T05:17:00Z,M1.5,-4.8229,-2.0817,1.0414,-5.3045,1,-10.51,-12.64,0,0.0,
202406080834,2024-06-08T08:44:00Z,2024-06-08T08:34:00Z,M1.1,-4.9219,-2.1306,1.0,-5.3057,1,-52.46,-9.73,0,0.0,
202406080854,2024-06-08T08:58:00Z,2024-06-08T08:54:00Z,M1.2,-4.9186,-2.288,0.6021,-5.0308,1,16.19,-16.61,0,0.0,
202406090649,2024-06-09T07:01:00Z,2024-06-09T06:49:00Z,M1.6,-4.7849,-2.1039,1.0792,-5.6472,1,75.55,-16.9,0,0.0,
202406090802,2024-06-09T08:19:00Z,2024-06-09T08:02:00Z,M1.2,-4.9149,-1.9354,1.2304,-5.2875,1,-57.55,-5.72,0,0.0,
202406091950,2024-06-09T20:17:00Z,2024-06-09T19:50:00Z,M1.0,-4.9904,-1.8792,1.4314,-5.4723,0,,,0,0.0,
202406100558,2024-06-10T06:09:00Z,2024-06-10T05:58:00Z,M3.2,-4.4851,-1.7898,1.0414,-5.487,0,,,0,0.0,
202406100939,2024-06-10T10:06:00Z,2024-06-10T09:39:00Z,M2.2,-4.6517,-1.5879,1.4314,-5.7098,0,,,0,0.0,
202406101018,2024-06-10T10:58:00Z,2024-06-10T10:18:00Z,M5.2,-4.2774,-1.0145,1.6021,-4.785,0,,,0,0.0,
202406101103,2024-06-10T11:08:00Z,2024-06-10T11:03:00Z,X1.5,-3.8207,-1.219,0.699,-4.2858,0,,,0,0.0,
202406101320,2024-06-10T13:29:00Z,2024-06-10T13:20:00Z,M1.3,-4.8643,-2.1178,0.9542,-5.2176,0,,,0,0.0,
202406101811,2024-06-10T18:40:00Z,2024-06-10T18:11:00Z,M9.4,-4.0249,-1.0221,1.4624,-5.2527,0,,,0,0.0,
202406122224,2024-06-12T22:46:00Z,2024-06-12T22:24:00Z,M1.1,-4.9216,-1.9674,1.3424,-5.555,1,-16.87,-12.37,0,0.0,
202406131633,2024-06-13T16:45:00Z,2024-06-13T16:33:00Z,M3.1,-4.4964,-1.7932,1.0792,-5.572,1,-57.56,-14.28,0,0.0,
202406140414,2024-06-14T04:32:00Z,2024-06-14T04:14:00Z,M2.4,-4.6133,-1.8091,1.2553,-5.6803,1,-36.74,-21.3,0,0.0,
202406170754,2024-06-17T08:04:00Z,2024-06-17T07:54:00Z,M1.5,-4.8103,-2.0138,1.0,-5.7821,1,1.63,-22.5,0,0.0,
202406171042,2024-06-17T10:46:00Z,2024-06-17T10:42:00Z,M1.5,-4.8099,-2.423,0.6021,-5.9256,1,12.27,-23.46,0,0.0,
202406171957,2024-06-17T20:35:00Z,2024-06-17T19:57:00Z,M1.3,-4.8627,-1.6483,1.5798,-5.7804,1,52.64,-12.84,0,0.0,
202406181114,2024-06-18T11:23:00Z,2024-06-18T11:14:00Z,M2.3,-4.6248,-1.9744,0.9542,-5.5731,1,17.9,-21.7,0,0.0,
202406181211,2024-06-18T12:20:00Z,2024-06-18T12:11:00Z,M1.1,-4.9323,-2.1384,0.9542,-5.2455,1,18.99,-26.06,0,0.0,
202406190615,2024-06-19T06:38:00Z,2024-06-19T06:15:00Z,M1.1,-4.9309,-1.9454,1.3617,-5.5058,1,72.44,-12.42,0,0.0,
202406201509,2024-06-20T15:18:00Z,2024-06-20T15:09:00Z,M1.1,-4.9576,-2.3535,0.9542,-5.5775,1,-54.05,-12.44,0,0.0,
202406202300,2024-06-20T23:16:00Z,2024-06-20T23:00:00Z,M5.6,-4.2461,-1.8448,1.2041,-5.4059,1,-34.66,-12.13,0,0.0,
202406220422,2024-06-22T04:38:00Z,2024-06-22T04:22:00Z,M1.2,-4.8983,-1.9359,1.2041,-5.3065,0,,,0,0.0,
202406220843,2024-06-22T08:55:00Z,2024-06-22T08:43:00Z,M2.8,-4.5494,-1.8289,1.0792,-5.4873,1,58.95,11.28,0,0.0,
202406221100,2024-06-22T11:06:00Z,2024-06-22T11:00:00Z,M1.0,-4.9721,-2.3187,0.7782,-5.1979,1,-55.51,-4.25,0,0.0,
202406230616,2024-06-23T06:30:00Z,2024-06-23T06:16:00Z,M2.3,-4.6233,-1.8158,1.1461,-5.2766,1,77.79,11.07,0,0.0,
202406231126,2024-06-23T11:37:00Z,2024-06-23T11:26:00Z,M1.2,-4.9068,-2.105,1.0414,-5.2699,0,,,0,0.0,
202406231251,2024-06-23T13:01:00Z,2024-06-23T12:51:00Z,M9.2,-4.0343,-1.4276,1.0,-5.3989,1,-66.64,-15.8,0,0.0,
202406240408,2024-06-24T04:17:00Z,2024-06-24T04:08:00Z,M1.3,-4.8611,-2.0352,0.9542,-5.0171,1,42.81,-23.09,0,0.0,
202406240445,2024-06-24T04:52:00Z,2024-06-24T04:45:00Z,M1.8,-4.7299,-2.0314,0.8451,-4.9634,0,,,0,0.0,
202406241143,2024-06-24T11:48:00Z,2024-06-24T11:43:00Z,M1.5,-4.8179,-2.2252,0.699,-5.1779,0,,,0,0.0,
202406241902,2024-06-24T19:10:00Z,2024-06-24T19:02:00Z,M1.1,-4.9445,-2.373,0.9031,-5.4129,0,,,0,0.0,
202406251226,2024-06-25T12:45:00Z,2024-06-25T12:26:00Z,M1.0,-4.9939,-2.0087,1.2788,-5.4567,1,-53.7,-17.15,0,0.0,
202407011051,2024-07-01T11:02:00Z,2024-07-01T10:51:00Z,M2.1,-4.6686,-2.1687,1.0414,-5.884,1,38.15,-16.33,0,0.0,
202407030729,2024-07-03T07:41:00Z,2024-07-03T07:29:00Z,M1.5,-4.8148,-2.1527,1.0792,-5.9529,1,58.07,-18.77,0,0.0,
202407041406,2024-07-04T14:25:00Z,2024-07-04T14:06:00Z,M1.0,-4.9851,-2.0451,1.2788,-5.5509,1,78.95,-23.5,0,0.0,
202407041954,2024-07-04T20:05:00Z,2024-07-04T19:54:00Z,M1.4,-4.8527,-2.1328,1.0414,-5.6886,1,84.42,-18.7,0,0.0,
202407062252,2024-07-06T23:15:00Z,2024-07-06T22:52:00Z,M1.0,-4.9894,-1.9045,1.3617,-5.3854,1,-65.79,-15.94,0,0.0,
202407071938,2024-07-07T19:55:00Z,2024-07-07T19:38:00Z,M1.0,-4.9669,-2.0738,1.2304,-5.5258,0,,,0,0.0,
202407072114,2024-07-07T21:27:00Z,2024-07-07T21:14:00Z,M1.3,-4.8663,-2.0373,1.1139,-5.5008,1,-76.03,-22.62,0,0.0,
202407072142,2024-07-07T21:51:00Z,2024-07-07T21:42:00Z,M1.1,-4.9445,-2.0655,0.9542,-4.9791,0,,,0,0.0,
202407072154,2024-07-07T21:59:00Z,2024-07-07T21:54:00Z,M1.4,-4.8295,-2.1459,0.699,-4.9483,1,-22.19,-13.17,0,0.0,
202407081234,2024-07-08T12:41:00Z,2024-07-08T12:34:00Z,M1.1,-4.9443,-2.4185,0.8451,-5.6474,1,-74.04,-21.93,0,0.0,
202407100544,2024-07-10T05:59:00Z,2024-07-10T05:44:00Z,M1.5,-4.8101,-2.0486,1.1761,-5.5627,1,-8.89,-7.71,0,0.0,
202407100926,2024-07-10T09:45:00Z,2024-07-10T09:26:00Z,M1.3,-4.8861,-1.8302,1.2788,-5.0749,1,-7.98,-10.16,0,0.0,
202407101145,2024-07-10T12:04:00Z,2024-07-10T11:45:00Z,M1.4,-4.8474,-1.9081,1.2788,-5.3481,1,-8.32,-10.01,0,0.0,
202407101251,2024-07-10T13:04:00Z,2024-07-10T12:51:00Z,M1.1,-4.9271,-2.0813,1.1139,-5.3302,1,-4.62,-7.96,0,0.0,
202407101525,2024-07-10T15:37:00Z,2024-07-10T15:25:00Z,M1.0,-4.9987,-2.1649,1.0792,-5.4397,1,-6.61,-8.98,0,0.0,
202407110403,2024-07-11T04:17:00Z,2024-07-11T04:03:00Z,M1.2,-4.9143,-2.0392,1.1461,-5.2912,1,-56.21,-18.7,0,0.0,
202407110617,2024-07-11T06:25:00Z,2024-07-11T06:17:00Z,M1.2,-4.9205,-2.1286,0.9031,-5.1112,1,8.3,-11.36,0,0.0,
202407130255,2024-07-13T03:18:00Z,2024-07-13T02:55:00Z,M1.4,-4.8491,-1.855,1.3617,-5.5576,1,37.22,-8.62,0,0.0,
202407131221,2024-07-13T12:42:00Z,2024-07-13T12:21:00Z,M5.2,-4.2767,-1.3464,1.3222,-5.3446,1,43.11,-4.71,0,0.0,
202407131459,2024-07-13T15:30:00Z,2024-07-13T14:59:00Z,M1.8,-4.7371,-1.536,1.4914,-5.2254,1,-24.29,-17.25,0,0.0,
202407131541,2024-07-13T15:44:00Z,2024-07-13T15:41:00Z,M1.9,-4.7126,-2.1198,0.4771,-4.774,1,-11.55,-14.58,0,0.0,
202407131925,2024-07-13T19:30:00Z,2024-07-13T19:25:00Z,M1.0,-4.9915,-2.5025,0.699,-5.485,1,46.05,-4.0,0,0.0,
202407132244,2024-07-13T23:01:00Z,2024-07-13T22:44:00Z,M5.0,-4.2991,-1.5749,1.2304,-5.3402,1,49.28,-4.08,0,0.0,
202407140105,2024-07-14T01:16:00Z,2024-07-14T01:05:00Z,M1.7,-4.7569,-2.0051,1.0414,-5.2813,1,50.49,-4.83,0,0.0,
202407140223,2024-07-14T02:34:00Z,2024-07-14T02:23:00Z,X1.2,-3.9066,-1.3379,1.0414,-5.3072,1,41.56,-10.53,0,0.0,
202407140405,2024-07-14T04:13:00Z,2024-07-14T04:05:00Z,M3.0,-4.5199,-1.9125,0.9031,-5.2129,1,48.13,-4.43,0,0.0,
202407141016,2024-07-14T10:20:00Z,2024-07-14T10:16:00Z,M1.0,-4.9989,-2.4416,0.6021,-5.3168,1,43.11,-10.29,0,0.0,
202407142050,2024-07-14T20:57:00Z,2024-07-14T20:50:00Z,M1.0,-4.9837,-2.2993,0.8451,-5.3481,1,51.86,-7.34,0,0.0,
202407150329,2024-07-15T03:45:00Z,2024-07-15T03:29:00Z,M1.2,-4.8953,-1.989,1.2041,-5.4744,1,54.87,-11.2,0,0.0,
202407150921,2024-07-15T09:37:00Z,2024-07-15T09:21:00Z,M2.6,-4.5723,-1.7063,1.2041,-5.4397,1,36.97,1.62,0,0.0,
202407151008,2024-07-15T10:13:00Z,2024-07-15T10:08:00Z,M1.9,-4.7205,-2.0201,0.699,-4.8166,1,38.47,-0.1,0,0.0,
202407160249,2024-07-16T03:01:00Z,2024-07-16T02:49:00Z,M1.3,-4.8553,-2.095,1.0792,-5.4072,1,2.03,14.61,0,0.0,
202407160724,2024-07-16T07:37:00Z,2024-07-16T07:24:00Z,M3.6,-4.4388,-1.7509,1.1139,-5.4161,1,28.17,10.77,0,0.0,
202407161311,2024-07-16T13:26:00Z,2024-07-16T13:11:00Z,X1.9,-3.711,-1.035,1.1761,-5.3445,0,,,0,0.0,
202407162106,2024-07-16T21:24:00Z,2024-07-16T21:06:00Z,M1.6,-4.7943,-1.8681,1.2553,-5.401,1,31.93,10.63,0,0.0,
202407162146,2024-07-16T22:06:00Z,2024-07-16T21:46:00Z,M1.8,-4.7236,-1.7503,1.301,-5.2002,1,6.22,17.9,0,0.0,
202407170626,2024-07-17T06:39:00Z,2024-07-17T06:26:00Z,M4.9,-4.3017,-1.6255,1.1139,-5.6432,1,29.52,-7.83,0,0.0,
202407170701,2024-07-17T07:08:00Z,2024-07-17T07:01:00Z,M3.4,-4.4628,-1.6637,0.8451,-4.5121,1,30.39,-8.67,0,0.0,
202407170926,2024-07-17T09:45:00Z,2024-07-17T09:26:00Z,M1.2,-4.9096,-1.8503,1.2788,-5.1791,0,,,0,0.0,
202407171940,2024-07-17T19:51:00Z,2024-07-17T19:40:00Z,M1.2,-4.9038,-2.2127,1.0414,-5.6112,1,43.86,9.66,0,0.0,
202407171953,2024-07-17T19:58:00Z,2024-07-17T19:53:00Z,M1.9,-4.7033,-2.0508,0.699,-4.9373,1,47.78,10.47,0,0.0,
202407181004,2024-07-18T10:14:00Z,2024-07-18T10:04:00Z,M2.2,-4.656,-2.0469,1.0,-5.4783,1,-20.75,-5.55,0,0.0,
202407181020,2024-07-18T10:27:00Z,2024-07-18T10:20:00Z,M2.0,-4.6974,-1.9104,0.8451,-4.7581,1,-23.68,-7.06,0,0.0,
202407190813,2024-07-19T08:23:00Z,2024-07-19T08:13:00Z,M3.1,-4.4988,-1.826,1.0,-5.4604,1,71.72,11.67,0,0.0,
202407191753,2024-07-19T18:06:00Z,2024-07-19T17:53:00Z,M2.0,-4.6927,-2.0495,1.1139,-5.7876,1,-3.35,-8.82,0,0.0,
202407192244,2024-07-19T22:51:00Z,2024-07-19T22:44:00Z,M1.0,-4.9973,-2.2281,0.8451,-5.1406,1,67.36,-7.19,0,0.0,
202407200710,2024-07-20T07:20:00Z,2024-07-20T07:10:00Z,M1.8,-4.7324,-2.207,1.0,-5.6745,1,3.0,-6.78,0,0.0,
202407201836,2024-07-20T18:49:00Z,2024-07-20T18:36:00Z,M1.5,-4.8141,-2.0039,1.1139,-5.3298,1,73.12,13.88,0,0.0,
202407210346,2024-07-21T03:55:00Z,2024-07-21T03:46:00Z,M1.4,-4.8399,-2.191,0.9542,-5.2805,1,73.98,14.62,0,0.0,
202407210828,2024-07-21T08:34:00Z,2024-07-21T08:28:00Z,M1.4,-4.8248,-2.261,0.7782,-5.6555,1,20.93,-9.77,0,0.0,
202407211618,2024-07-21T16:31:00Z,2024-07-21T16:18:00Z,M1.0,-4.9955,-2.125,1.1139,-5.4242,1,-27.26,13.46,0,0.0,
202407212321,2024-07-21T23:28:00Z,2024-07-21T23:21:00Z,M3.2,-4.4944,-2.0369,0.8451,-5.57,0,,,0,0.0,
202407220326,2024-07-22T03:33:00Z,2024-07-22T03:26:00Z,M1.3,-4.8543,-2.4179,0.8451,-5.6466,1,-51.63,-10.71,0,0.0,
202407220355,2024-07-22T04:04:00Z,2024-07-22T03:55:00Z,M3.9,-4.4065,-2.1079,0.9542,-5.489,1,-49.26,-9.47,0,0.0,
202407220414,2024-07-22T04:34:00Z,2024-07-22T04:14:00Z,M1.9,-4.7168,-1.8653,1.301,-5.4089,1,-51.09,-11.1,0,0.0,
202407220931,2024-07-22T09:35:00Z,2024-07-22T09:31:00Z,M1.4,-4.8372,-2.3073,0.6021,-5.3212,1,59.12,13.8,0,0.0,
202407221247,2024-07-22T13:00:00Z,2024-07-22T12:47:00Z,M1.5,-4.8133,-2.033,1.1139,-5.4958,0,,,0,0.0,
202407231349,2024-07-23T14:28:00Z,2024-07-23T13:49:00Z,M2.4,-4.6143,-1.4561,1.5911,-5.7241,1,-81.51,-10.7,0,0.0,
202407240728,2024-07-24T07:42:00Z,2024-07-24T07:28:00Z,M3.6,-4.4434,-1.7605,1.1461,-5.8714,1,65.46,-6.29,0,0.0,
202407241707,2024-07-24T17:21:00Z,2024-07-24T17:07:00Z,M2.9,-4.5236,-1.8683,1.1461,-5.7994,1,73.86,-6.18,0,0.0,
202407251527,2024-07-25T15:37:00Z,2024-07-25T15:27:00Z,M1.3,-4.8717,-2.2321,1.0,-5.9137,1,86.27,-7.08,0,0.0,
202407260430,2024-07-26T04:42:00Z,2024-07-26T04:30:00Z,M1.7,-4.7672,-2.2351,1.0792,-5.9059,1,71.27,-8.62,0,0.0,
202407270221,2024-07-27T02:37:00Z,2024-07-27T02:21:00Z,M4.1,-4.38,-1.6467,1.2041,-5.5286,1,-25.54,-6.75,0,0.0,
202407270513,2024-07-27T05:46:00Z,2024-07-27T05:13:00Z,M3.0,-4.5119,-1.476,1.5185,-5.3432,1,24.39,-10.38,0,0.0,
202407271016,2024-07-27T10:40:00Z,2024-07-27T10:16:00Z,M2.0,-4.6946,-1.7034,1.3802,-5.3825,1,27.37,-10.41,0,0.0,
202407271750,2024-07-27T18:06:00Z,2024-07-27T17:50:00Z,M2.7,-4.5652,-1.7736,1.2041,-5.4223,1,-14.69,-6.5,0,0.0,
202407271824,2024-07-27T18:39:00Z,2024-07-27T18:24:00Z,M3.4,-4.461,-1.5776,1.1761,-5.0031,1,37.89,-11.16,0,0.0,
202407280139,2024-07-28T01:51:00Z,2024-07-28T01:39:00Z,M7.7,-4.1085,-1.5425,1.0792,-5.5247,1,-10.23,-6.6,0,0.0,
202407280153,2024-07-28T01:57:00Z,2024-07-28T01:53:00Z,M9.7,-4.0093,-1.3784,0.6021,-4.1281,1,-8.65,-5.72,0,0.0,
202407280337,2024-07-28T03:48:00Z,2024-07-28T03:37:00Z,M1.5,-4.8052,-1.9201,1.0414,-5.0679,1,54.12,-10.72,0,0.0,
202407281027,2024-07-28T10:42:00Z,2024-07-28T10:27:00Z,M7.6,-4.114,-1.3662,1.1761,-5.0869,1,44.68,-10.4,0,0.0,
202407281243,2024-07-28T12:50:00Z,2024-07-28T12:43:00Z,M2.6,-4.5824,-1.9075,0.8451,-4.9376,1,-25.78,-7.39,0,0.0,
202407281808,2024-07-28T18:26:00Z,2024-07-28T18:08:00Z,M1.3,-4.8786,-1.9395,1.2553,-5.3862,1,8.0,-8.22,0,0.0,
202407282025,2024-07-28T20:36:00Z,2024-07-28T20:25:00Z,M1.9,-4.717,-2.0543,1.0414,-5.4349,1,36.97,-8.36,0,0.0,
202407290233,2024-07-29T02:37:00Z,2024-07-29T02:33:00Z,X1.5,-3.8157,-1.2847,0.6021,-5.3987,1,5.7,-3.92,0,0.0,
202407290510,2024-07-29T05:20:00Z,2024-07-29T05:10:00Z,M1.0,-4.9693,-2.1543,1.0,-5.4196,1,35.91,-15.56,0,0.0,
202407291216,2024-07-29T12:22:00Z,2024-07-29T12:16:00Z,M1.6,-4.7899,-2.1329,0.7782,-5.1671,1,43.25,-10.32,0,0.0,
202407291247,2024-07-29T12:55:00Z,2024-07-29T12:47:00Z,M8.6,-4.0621,-1.4667,0.9031,-5.2282,1,51.66,-9.92,0,0.0,
202407291404,2024-07-29T14:46:00Z,2024-07-29T14:04:00Z,M4.2,-4.3734,-1.2183,1.6232,-5.2761,1,-26.87,-14.64,0,0.0,
202407291940,2024-07-29T19:57:00Z,2024-07-29T19:40:00Z,M6.3,-4.1981,-1.353,1.2304,-5.1897,1,-76.94,-23.07,0,0.0,
202407292055,2024-07-29T21:00:00Z,2024-07-29T20:55:00Z,M1.1,-4.9473,-2.2631,0.699,-5.0824,1,-15.2,4.05,0,0.0,
202407300052,2024-07-30T01:03:00Z,2024-07-30T00:52:00Z,M1.7,-4.7635,-2.0747,1.0414,-5.3687,1,66.83,-10.67,0,0.0,
202407300120,2024-07-30T01:26:00Z,2024-07-30T01:20:00Z,M1.2,-4.9053,-2.1324,0.7782,-4.9233,1,49.02,-11.98,0,0.0,
202407300135,2024-07-30T01:40:00Z,2024-07-30T01:35:00Z,M1.4,-4.8429,-2.1483,0.699,-4.9116,1,30.37,-9.57,0,0.0,
202407300616,2024-07-30T06:29:00Z,2024-07-30T06:16:00Z,M1.5,-4.8133,-2.0374,1.1139,-5.4686,1,36.18,-7.13,0,0.0,
202407301612,2024-07-30T16:28:00Z,2024-07-30T16:12:00Z,M1.5,-4.8202,-1.9302,1.2041,-5.4859,1,27.42,-7.24,0,0.0,
202407301910,2024-07-30T19:20:00Z,2024-07-30T19:10:00Z,M1.9,-4.7042,-2.1383,1.0,-5.4372,1,29.6,-3.98,0,0.0,
202407301925,2024-07-30T19:38:00Z,2024-07-30T19:25:00Z,M9.4,-4.0268,-1.2204,1.1139,-4.9779,1,-61.43,-21.08,0,0.0,
202407310143,2024-07-31T01:50:00Z,2024-07-31T01:43:00Z,M1.9,-4.7104,-2.1652,0.8451,-5.5125,1,45.94,-6.61,0,0.0,
202407310507,2024-07-31T05:23:00Z,2024-07-31T05:07:00Z,M4.7,-4.3243,-1.6331,1.2041,-5.3178,1,-71.31,-4.42,0,0.0,
202407310628,2024-07-31T06:46:00Z,2024-07-31T06:28:00Z,M7.6,-4.1155,-1.2876,1.2553,-5.0839,1,47.08,-13.0,0,0.0,
202407311245,2024-07-31T13:05:00Z,2024-07-31T12:45:00Z,M5.9,-4.2243,-1.2808,1.301,-5.1823,1,-46.8,-20.94,0,0.0,
202407311326,2024-07-31T13:32:00Z,2024-07-31T13:26:00Z,M4.3,-4.3587,-1.5883,0.7782,-4.3851,1,-25.8,-17.08,0,0.0,
202407311610,2024-07-31T16:31:00Z,2024-07-31T16:10:00Z,M1.4,-4.8457,-1.8699,1.3222,-5.348,1,7.07,-4.08,0,0.0,
202407311805,2024-07-31T18:37:00Z,2024-07-31T18:05:00Z,M5.3,-4.2684,-1.1484,1.5051,-4.965,1,66.61,-13.08,0,0.0,
202407312136,2024-07-31T21:55:00Z,2024-07-31T21:36:00Z,M1.2,-4.9,-1.8954,1.2788,-5.3311,1,23.32,-6.32,0,0.0,
202407312242,2024-07-31T22:50:00Z,2024-07-31T22:42:00Z,M1.0,-4.9892,-2.2209,0.9031,-5.2928,1,-72.23,-4.83,0,0.0,
202408010050,2024-08-01T00:58:00Z,2024-08-01T00:50:00Z,M1.2,-4.9037,-2.15,0.9031,-5.2078,1,37.19,6.94,0,0.0,
202408010147,2024-08-01T01:50:00Z,2024-08-01T01:47:00Z,M6.2,-4.205,-1.7197,0.4771,-5.1061,1,66.31,-6.6,0,0.0,
202408010258,2024-08-01T03:06:00Z,2024-08-01T02:58:00Z,M1.2,-4.918,-2.1746,0.9031,-5.1869,1,-16.0,-4.27,0,0.0,
202408010359,2024-08-01T04:10:00Z,2024-08-01T03:59:00Z,M1.8,-4.7233,-1.9269,1.0414,-5.1252,1,-75.74,-8.97,0,0.0,
202408010435,2024-08-01T04:41:00Z,2024-08-01T04:35:00Z,M3.9,-4.402,-1.9323,0.7782,-5.0644,1,40.03,-10.45,0,0.0,
202408010552,2024-08-01T05:56:00Z,2024-08-01T05:52:00Z,M1.5,-4.8194,-2.2046,0.6021,-4.9825,1,47.55,-11.08,0,0.0,
202408010623,2024-08-01T07:09:00Z,2024-08-01T06:23:00Z,M8.1,-4.0895,-1.006,1.6628,-5.0934,0,,,0,0.0,
202408011109,2024-08-01T11:37:00Z,2024-08-01T11:09:00Z,M4.1,-4.3864,-1.2705,1.4472,-5.0479,1,-30.58,-20.22,0,0.0,
202408011141,2024-08-01T11:47:00Z,2024-08-01T11:41:00Z,M4.1,-4.3843,-1.6093,0.7782,-4.3903,1,-53.3,-24.01,0,0.0,
202408011604,2024-08-01T16:15:00Z,2024-08-01T16:04:00Z,M1.0,-4.9644,-2.0965,1.0414,-5.156,0,,,0,0.0,
202408011633,2024-08-01T16:37:00Z,2024-08-01T16:33:00Z,M1.3,-4.8739,-2.2638,0.6021,-5.0783,1,52.77,-12.28,0,0.0,
202408011644,2024-08-01T16:47:00Z,2024-08-01T16:44:00Z,M1.6,-4.7901,-2.2192,0.4771,-4.9242,1,-19.19,-6.55,0,0.0,
202408011722,2024-08-01T17:29:00Z,2024-08-01T17:22:00Z,M1.3,-4.8691,-2.2261,0.8451,-5.239,1,-67.18,-3.92,0,0.0,
202408012012,2024-08-01T20:22:00Z,2024-08-01T20:12:00Z,M1.1,-4.9214,-2.1541,1.0,-5.246,1,-62.06,-12.18,0,0.0,
202408012300,2024-08-01T23:08:00Z,2024-08-01T23:00:00Z,M1.3,-4.8556,-2.1079,0.9031,-5.2798,1,0.27,-4.07,0,0.0,
202408020154,2024-08-02T02:01:00Z,2024-08-02T01:54:00Z,M1.0,-4.9961,-2.2682,0.8451,-5.2004,1,46.86,-10.08,0,0.0,
202408020317,2024-08-02T03:25:00Z,2024-08-02T03:17:00Z,M1.1,-4.9417,-2.1717,0.9031,-5.1289,1,-9.77,-19.39,0,0.0,
202408020353,2024-08-02T03:58:00Z,2024-08-02T03:53:00Z,M1.1,-4.9396,-2.3168,0.699,-5.2226,1,79.8,-13.78,0,0.0,
202408020423,2024-08-02T04:55:00Z,2024-08-02T04:23:00Z,M7.3,-4.1335,-1.013,1.5051,-5.1682,0,,,0,0.0,
202408020751,2024-08-02T07:59:00Z,2024-08-02T07:51:00Z,M2.1,-4.6708,-2.0208,0.9031,-5.0109,1,54.92,-10.67,0,0.0,
202408020908,2024-08-02T09:16:00Z,2024-08-02T09:08:00Z,M1.2,-4.9173,-2.2,0.9031,-5.2166,1,-5.38,-19.5,0,0.0,
202408020945,2024-08-02T09:51:00Z,2024-08-02T09:45:00Z,M1.6,-4.7957,-2.1344,0.7782,-5.0939,1,69.63,-5.79,0,0.0,
202408021228,2024-08-02T12:33:00Z,2024-08-02T12:28:00Z,M1.2,-4.9007,-2.3139,0.699,-5.2783,1,84.44,-7.38,0,0.0,
202408021344,2024-08-02T13:50:00Z,2024-08-02T13:44:00Z,M1.0,-4.9591,-2.304,0.7782,-5.27,1,-44.11,18.89,0,0.0,
202408021521,2024-08-02T15:30:00Z,2024-08-02T15:21:00Z,M1.5,-4.8127,-2.107,0.9542,-5.1497,1,57.96,-4.9,0,0.0,
202408022341,2024-08-02T23:58:00Z,2024-08-02T23:41:00Z,M1.3,-4.8782,-1.9082,1.2304,-5.4042,0,,,0,0.0,
202408030022,2024-08-03T00:27:00Z,2024-08-03T00:22:00Z,M1.0,-4.991,-2.2709,0.699,-5.0267,1,-28.31,8.95,0,0.0,
202408030445,2024-08-03T04:59:00Z,2024-08-03T04:45:00Z,M1.4,-4.8267,-2.0184,1.1461,-5.3308,1,55.4,10.29,0,0.0,
202408030652,2024-08-03T07:05:00Z,2024-08-03T06:52:00Z,M1.5,-4.8146,-1.8733,1.1139,-5.0615,0,,,0,0.0,
202408030711,2024-08-03T07:30:00Z,2024-08-03T07:11:00Z,M1.9,-4.7192,-1.6535,1.2788,-4.8301,1,74.06,-12.08,0,0.0,
202408031326,2024-08-03T13:43:00Z,2024-08-03T13:26:00Z,M1.8,-4.7379,-1.9308,1.2304,-5.4848,1,-50.64,-7.58,0,0.0,
202408031649,2024-08-03T16:54:00Z,2024-08-03T16:49:00Z,M2.8,-4.5443,-2.1478,0.699,-5.4244,1,67.98,10.32,0,0.0,
202408031713,2024-08-03T17:26:00Z,2024-08-03T17:13:00Z,M1.8,-4.7213,-1.9971,1.1139,-5.3901,1,73.82,-5.35,0,0.0,
202408031829,2024-08-03T18:39:00Z,2024-08-03T18:29:00Z,M7.2,-4.1419,-1.6643,1.0,-5.1907,1,-20.28,16.88,0,0.0,
202408031917,2024-08-03T19:30:00Z,2024-08-03T19:17:00Z,M5.3,-4.2681,-1.445,1.1139,-5.0358,1,-73.99,15.77,0,0.0,
202408040145,2024-08-04T01:59:00Z,2024-08-04T01:45:00Z,M1.4,-4.8278,-1.9588,1.1461,-5.3568,0,,,0,0.0,
202408040935,2024-08-04T09:44:00Z,2024-08-04T09:35:00Z,M1.2,-4.9134,-2.2684,0.9542,-5.4069,1,-55.27,14.97,0,0.0,
202408040948,2024-08-04T10:01:00Z,2024-08-04T09:48:00Z,M1.1,-4.9323,-1.9829,1.1139,-5.0865,1,-2.28,8.15,0,0.0,
202408041003,2024-08-04T10:08:00Z,2024-08-04T10:03:00Z,M1.4,-4.8507,-2.1584,0.699,-4.9428,1,-21.07,7.44,0,0.0,
202408041027,2024-08-04T10:50:00Z,2024-08-04T10:27:00Z,M1.9,-4.7086,-1.5654,1.3617,-4.9488,0,,,0,0.0,
202408041511,2024-08-04T15:15:00Z,2024-08-04T15:11:00Z,M2.1,-4.6587,-2.197,0.6021,-5.3319,1,-62.13,-7.68,0,0.0,
202408042204,2024-08-04T22:11:00Z,2024-08-04T22:04:00Z,M1.0,-4.9911,-2.387,0.8451,-5.4679,1,-59.19,-8.55,0,0.0,
202408050222,2024-08-05T02:31:00Z,2024-08-05T02:22:00Z,M1.1,-4.9317,-2.2929,0.9542,-5.3912,1,-62.48,-8.5,0,0.0,
202408050513,2024-08-05T05:23:00Z,2024-08-05T05:13:00Z,M6.0,-4.2168,-1.7631,1.0,-5.4549,1,-57.75,-7.84,0,0.0,
202408050949,2024-08-05T10:01:00Z,2024-08-05T09:49:00Z,M1.7,-4.7685,-2.0531,1.0792,-5.4829,1,81.91,-7.88,0,0.0,
202408051325,2024-08-05T13:40:00Z,2024-08-05T13:25:00Z,X1.6,-3.7725,-0.9514,1.1761,-5.4874,0,,,0,0.0,
202408051518,2024-08-05T15:27:00Z,2024-08-05T15:18:00Z,X1.1,-3.9421,-1.4652,0.9542,-5.031,1,-51.64,-7.26,0,0.0,
202408051820,2024-08-05T18:37:00Z,2024-08-05T18:20:00Z,M1.2,-4.9007,-2.0141,1.2304,-5.3629,1,-25.68,-5.16,0,0.0,
202408060250,2024-08-06T03:03:00Z,2024-08-06T02:50:00Z,M1.1,-4.9278,-2.1505,1.1139,-5.4475,1,-65.1,12.56,0,0.0,
202408070221,2024-08-07T02:30:00Z,2024-08-07T02:21:00Z,M1.8,-4.7267,-1.9831,0.9542,-5.2801,1,17.83,-10.77,0,0.0,
202408070452,2024-08-07T04:57:00Z,2024-08-07T04:52:00Z,M1.1,-4.9509,-2.4654,0.699,-5.502,1,-51.73,14.39,0,0.0,
202408071330,2024-08-07T13:50:00Z,2024-08-07T13:30:00Z,M4.4,-4.3476,-1.6278,1.301,-5.4482,1,21.79,-8.8,0,0.0,
202408071831,2024-08-07T18:54:00Z,2024-08-07T18:31:00Z,M4.9,-4.3041,-1.3541,1.3617,-5.3918,1,6.67,-5.02,0,0.0,
202408080049,2024-08-08T01:06:00Z,2024-08-08T00:49:00Z,M2.1,-4.6746,-1.7766,1.2304,-5.2024,1,-7.97,-4.81,0,0.0,
202408081126,2024-08-08T11:42:00Z,2024-08-08T11:26:00Z,M1.6,-4.7821,-1.8543,1.2041,-5.2724,1,12.73,-4.91,0,0.0,
202408081256,2024-08-08T13:00:00Z,2024-08-08T12:56:00Z,M1.0,-4.9649,-2.384,0.6021,-5.1828,1,-38.34,15.0,0,0.0,
202408081336,2024-08-08T13:43:00Z,2024-08-08T13:36:00Z,M1.5,-4.814,-2.1832,0.8451,-5.2021,1,-56.35,-8.13,0,0.0,
202408081901,2024-08-08T19:35:00Z,2024-08-08T19:01:00Z,X1.2,-3.8952,-0.9946,1.5315,-5.3599,1,25.18,-3.72,0,0.0,
202408082246,2024-08-08T22:51:00Z,2024-08-08T22:46:00Z,M1.2,-4.9191,-2.351,0.699,-5.3522,1,-15.65,-10.1,0,0.0,
202408091156,2024-08-09T12:06:00Z,2024-08-09T11:56:00Z,M1.4,-4.8432,-2.0765,1.0,-5.3341,1,-8.52,-7.94,0,0.0,
202408091238,2024-08-09T12:43:00Z,2024-08-09T12:38:00Z,M1.0,-4.9995,-2.3138,0.699,-5.1544,1,-17.58,9.98,0,0.0,
202408092027,2024-08-09T20:37:00Z,2024-08-09T20:27:00Z,M1.0,-4.9864,-2.1895,1.0,-5.3744,1,35.35,-6.73,0,0.0,
202408092110,2024-08-09T21:23:00Z,2024-08-09T21:10:00Z,M4.5,-4.3466,-1.6011,1.1139,-5.1375,1,41.47,-5.32,0,0.0,
202408092343,2024-08-09T23:50:00Z,2024-08-09T23:43:00Z,M1.1,-4.9387,-2.2709,0.8451,-5.2524,1,-4.8,-10.48,0,0.0,
202408100052,2024-08-10T01:02:00Z,2024-08-10T00:52:00Z,M1.3,-4.8664,-2.1349,1.0,-5.3273,1,-1.64,-10.13,0,0.0,
202408100214,2024-08-10T02:37:00Z,2024-08-10T02:14:00Z,M5.2,-4.2801,-1.3484,1.3617,-5.1052,1,-4.34,-9.4,0,0.0,
202408100403,2024-08-10T04:11:00Z,2024-08-10T04:03:00Z,M1.6,-4.7806,-2.0576,0.9031,-5.1526,1,-0.86,-13.55,0,0.0,
202408101511,2024-08-10T15:16:00Z,2024-08-10T15:11:00Z,M1.2,-4.9125,-2.2571,0.699,-5.1132,1,-18.37,-1.94,0,0.0,
202408110022,2024-08-11T00:31:00Z,2024-08-11T00:22:00Z,M1.0,-4.9685,-2.1565,0.9542,-5.1537,1,5.55,-14.17,0,0.0,
202408110523,2024-08-11T05:28:00Z,2024-08-11T05:23:00Z,M1.6,-4.791,-2.2625,0.699,-5.3904,1,13.48,-14.33,0,0.0,
202408111957,2024-08-11T20:17:00Z,2024-08-11T19:57:00Z,M1.6,-4.7858,-1.7772,1.301,-5.2832,1,59.38,-9.43,0,0.0,
202408112340,2024-08-11T23:58:00Z,2024-08-11T23:40:00Z,M1.2,-4.9047,-1.9545,1.2553,-5.4221,0,,,0,0.0,
202408122247,2024-08-12T22:57:00Z,2024-08-12T22:47:00Z,M1.2,-4.9125,-2.2397,1.0,-5.4679,1,-9.82,14.29,0,0.0,
202408131725,2024-08-13T17:29:00Z,2024-08-13T17:25:00Z,M1.0,-4.963,-2.4537,0.6021,-5.4314,1,-6.56,12.24,0,0.0,
202408132238,2024-08-13T22:45:00Z,2024-08-13T22:38:00Z,M1.3,-4.8844,-2.1778,0.8451,-5.1408,1,45.44,-3.7,0,0.0,
202408132326,2024-08-13T23:44:00Z,2024-08-13T23:26:00Z,M4.1,-4.3792,-1.4674,1.2553,-5.1368,1,-5.11,14.71,0,0.0,
202408140333,2024-08-14T04:02:00Z,2024-08-14T03:33:00Z,M4.3,-4.3568,-1.2869,1.4624,-5.2357,0,,,0,0.0,
202408140600,2024-08-14T06:40:00Z,2024-08-14T06:00:00Z,X1.0,-3.9652,-0.925,1.6021,-5.1562,1,-1.31,14.84,0,0.0,
202408141316,2024-08-14T13:24:00Z,2024-08-14T13:16:00Z,M1.0,-4.968,-2.1895,0.9031,-5.1585,1,-53.76,-7.25,0,0.0,
202408141539,2024-08-14T15:49:00Z,2024-08-14T15:39:00Z,M5.2,-4.2798,-1.6944,1.0,-5.1154,1,-62.28,-5.86,0,0.0,
202408150335,2024-08-15T03:48:00Z,2024-08-15T03:35:00Z,M1.1,-4.9491,-2.1305,1.1139,-5.507,1,57.8,-9.2,0,0.0,
202408161313,2024-08-16T13:24:00Z,2024-08-16T13:13:00Z,M1.3,-4.8805,-2.058,1.0414,-5.2964,0,,,0,0.0,
202408171024,2024-08-17T10:33:00Z,2024-08-17T10:24:00Z,M1.6,-4.7879,-2.0751,0.9542,-5.4816,1,42.2,16.76,0,0.0,
202408172137,2024-08-17T21:48:00Z,2024-08-17T21:37:00Z,M1.1,-4.9497,-2.1291,1.0414,-5.3489,1,-55.43,-8.98,0,0.0,
202408172157,2024-08-17T22:06:00Z,2024-08-17T21:57:00Z,M1.4,-4.8535,-2.0038,0.9542,-4.9748,1,-50.19,-10.28,0,0.0,
202408180150,2024-08-18T02:04:00Z,2024-08-18T01:50:00Z,M2.3,-4.6223,-1.8716,1.1461,-5.3961,1,50.7,17.23,0,0.0,
202408180408,2024-08-18T04:16:00Z,2024-08-18T04:08:00Z,M1.1,-4.9471,-2.1922,0.9031,-5.2635,1,-4.03,4.89,0,0.0,
202408180715,2024-08-18T07:30:00Z,2024-08-18T07:15:00Z,M1.2,-4.9007,-2.0437,1.1761,-5.4323,1,49.32,16.67,0,0.0,
202408182052,2024-08-18T21:07:00Z,2024-08-18T20:52:00Z,M1.3,-4.8728,-1.9316,1.1761,-5.1768,1,-74.05,-4.22,0,0.0,
202408182346,2024-08-19T00:00:00Z,2024-08-18T23:46:00Z,M1.4,-4.8499,-2.0527,1.1461,-5.4995,1,-60.62,-2.37,0,0.0,
202408190928,2024-08-19T09:36:00Z,2024-08-19T09:28:00Z,M1.3,-4.8687,-2.3658,0.9031,-5.5032,1,51.32,-14.06,0,0.0,
202408192141,2024-08-19T21:52:00Z,2024-08-19T21:41:00Z,M3.6,-4.4344,-1.7951,1.0414,-5.4322,1,-50.45,-1.69,0,0.0,
202408200437,2024-08-20T04:48:00Z,2024-08-20T04:37:00Z,M1.1,-4.9235,-2.0802,1.0414,-5.1688,1,-74.58,-8.23,0,0.0,
202408201706,2024-08-20T17:08:00Z,2024-08-20T17:06:00Z,M1.3,-4.8776,-2.4854,0.301,-5.3141,1,56.85,-13.18,0,0.0,
202408210553,2024-08-21T06:02:00Z,2024-08-21T05:53:00Z,M1.1,-4.9519,-2.1877,0.9542,-5.2227,1,-37.24,-2.04,0,0.0,
202408212159,2024-08-21T22:08:00Z,2024-08-21T21:59:00Z,M5.1,-4.2923,-1.6621,0.9542,-5.3706,1,-28.74,-2.16,0,0.0,
202408221032,2024-08-22T10:39:00Z,2024-08-22T10:32:00Z,M1.5,-4.8037,-2.1719,0.8451,-5.2928,1,-23.82,-2.58,0,0.0,
202408230331,2024-08-23T03:41:00Z,2024-08-23T03:31:00Z,M3.4,-4.4656,-1.9742,1.0,-5.5953,1,-60.6,9.97,0,0.0,
202408230412,2024-08-23T04:18:00Z,2024-08-23T04:12:00Z,M1.0,-4.994,-2.3657,0.7782,-5.441,1,-30.54,-27.17,0,0.0,
202408231350,2024-08-23T13:57:00Z,2024-08-23T13:50:00Z,M1.6,-4.7729,-2.2366,0.8451,-5.5388,1,-24.36,-25.38,0,0.0,
202408231452,2024-08-23T15:05:00Z,2024-08-23T14:52:00Z,M1.7,-4.7551,-1.9555,1.1139,-5.3222,1,-57.57,11.51,0,0.0,
202408231633,2024-08-23T16:45:00Z,2024-08-23T16:33:00Z,M1.1,-4.9364,-2.0502,1.0792,-5.287,1,-20.05,-26.36,0,0.0,
202408231923,2024-08-23T19:33:00Z,2024-08-23T19:23:00Z,M1.1,-4.9315,-2.1876,1.0,-5.4796,1,-47.29,3.98,0,0.0,
202408231939,2024-08-23T19:44:00Z,2024-08-23T19:39:00Z,M3.3,-4.4709,-1.9105,0.699,-4.9967,1,-22.85,-20.8,0,0.0,
202408232008,2024-08-23T20:12:00Z,2024-08-23T20:08:00Z,M5.1,-4.2891,-1.8224,0.6021,-4.9195,1,-18.99,-24.84,0,0.0,
202408240002,2024-08-24T00:14:00Z,2024-08-24T00:02:00Z,M1.6,-4.7956,-2.1498,1.0792,-5.6191,1,-1.7,-3.52,0,0.0,
202408241846,2024-08-24T18:58:00Z,2024-08-24T18:46:00Z,M1.0,-4.9908,-2.2137,1.0792,-5.5303,1,8.4,-2.87,0,0.0,
202408241917,2024-08-24T19:30:00Z,2024-08-24T19:17:00Z,M1.4,-4.8296,-1.9182,1.1139,-5.0824,1,8.54,-4.58,0,0.0,
202408242128,2024-08-24T21:46:00Z,2024-08-24T21:28:00Z,M1.3,-4.8581,-2.056,1.2553,-5.5688,1,-6.63,-24.29,0,0.0,
202408242318,2024-08-24T23:24:00Z,2024-08-24T23:18:00Z,M1.7,-4.757,-2.2168,0.7782,-5.6238,1,-5.84,-24.49,0,0.0,
202408261128,2024-08-26T11:41:00Z,2024-08-26T11:28:00Z,M1.4,-4.8441,-2.0255,1.1139,-5.3631,1,28.21,-6.52,0,0.0,
202408270930,2024-08-27T09:43:00Z,2024-08-27T09:30:00Z,M1.1,-4.9448,-1.9857,1.1139,-5.1085,1,37.52,-6.11,0,0.0,
202408300200,2024-08-30T02:06:00Z,2024-08-30T02:00:00Z,M1.2,-4.9106,-2.2913,0.7782,-5.4345,1,-79.62,-10.17,0,0.0,
202408301213,2024-08-30T12:20:00Z,2024-08-30T12:13:00Z,M3.8,-4.4177,-2.0001,0.8451,-5.5247,1,-52.87,-11.14,0,0.0,
202408310038,2024-08-31T00:49:00Z,2024-08-31T00:38:00Z,M1.1,-4.9552,-2.1622,1.0414,-5.3143,1,-38.12,-12.4,0,0.0,
202408310226,2024-08-31T02:38:00Z,2024-08-31T02:26:00Z,M1.2,-4.9146,-2.0862,1.0792,-5.3242,1,-54.63,-8.74,0,0.0,
202408311250,2024-08-31T13:02:00Z,2024-08-31T12:50:00Z,M1.8,-4.7282,-1.9388,1.0792,-5.2036,1,-40.59,-10.85,0,0.0,
202409010747,2024-09-01T07:57:00Z,2024-09-01T07:47:00Z,M1.4,-4.8496,-2.2174,1.0,-5.421,1,-59.37,-15.91,0,0.0,
202409011141,2024-09-01T13:22:00Z,2024-09-01T11:41:00Z,M5.5,-4.2592,-0.6767,2.0043,-5.188,0,,,0,0.0,
202409011955,2024-09-01T20:00:00Z,2024-09-01T19:55:00Z,M1.1,-4.9526,-2.3058,0.699,-5.2417,1,-83.46,-19.83,0,0.0,
202409012237,2024-09-01T22:48:00Z,2024-09-01T22:37:00Z,M1.5,-4.8175,-2.0536,1.0414,-5.2588,1,15.02,-16.84,0,0.0,
202409020518,2024-09-02T05:29:00Z,2024-09-02T05:18:00Z,M1.9,-4.7145,-1.945,1.0414,-5.4101,1,-67.52,-17.14,0,0.0,
202409021311,2024-09-02T13:27:00Z,2024-09-02T13:11:00Z,M1.8,-4.7295,-1.7948,1.2041,-5.233,1,-72.3,-20.14,0,0.0,
202409021333,2024-09-02T13:43:00Z,2024-09-02T13:33:00Z,M2.9,-4.5306,-1.6743,1.0,-4.7415,1,-3.01,-14.77,0,0.0,
202409021957,2024-09-02T20:11:00Z,2024-09-02T19:57:00Z,M1.4,-4.8445,-1.9375,1.1461,-5.1365,1,41.45,-16.82,0,0.0,
202409022056,2024-09-02T21:02:00Z,2024-09-02T20:56:00Z,M1.7,-4.7453,-2.1249,0.7782,-5.2111,1,-66.32,-18.44,0,0.0,
202409022235,2024-09-02T23:01:00Z,2024-09-02T22:35:00Z,M1.5,-4.8068,-1.7284,1.415,-5.3241,1,45.03,-17.28,0,0.0,
202409031551,2024-09-03T16:02:00Z,2024-09-03T15:51:00Z,M3.3,-4.4787,-1.8999,1.0414,-5.5117,1,-49.25,-17.39,0,0.0,
202409031608,2024-09-03T16:13:00Z,2024-09-03T16:08:00Z,M2.9,-4.5297,-1.8437,0.699,-4.6631,1,-52.04,-18.6,0,0.0,
202409040243,2024-09-04T02:55:00Z,2024-09-04T02:43:00Z,M1.4,-4.8344,-2.0219,1.0792,-5.2538,1,-44.62,-22.24,0,0.0,
202409040449,2024-09-04T04:56:00Z,2024-09-04T04:49:00Z,M1.2,-4.901,-2.1521,0.8451,-5.0537,1,38.55,-14.41,0,0.0,
202409040555,2024-09-04T06:01:00Z,2024-09-04T05:55:00Z,M1.0,-4.978,-2.3023,0.7782,-5.2,1,15.19,-11.43,0,0.0,
202409040607,2024-09-04T06:11:00Z,2024-09-04T06:07:00Z,M1.0,-4.9769,-2.3247,0.6021,-5.065,1,-7.66,-15.39,0,0.0,
202409041308,2024-09-04T13:21:00Z,2024-09-04T13:08:00Z,M1.0,-4.9935,-2.1655,1.1139,-5.3896,1,-46.82,-22.17,0,0.0,
202409041941,2024-09-04T20:00:00Z,2024-09-04T19:41:00Z,M1.2,-4.9163,-1.8455,1.2788,-5.0567,1,-2.35,-13.38,0,0.0,
202409050017,2024-09-05T00:20:00Z,2024-09-05T00:17:00Z,M1.0,-4.9697,-2.4429,0.4771,-5.2167,1,43.42,-16.62,0,0.0,
202409050312,2024-09-05T03:25:00Z,2024-09-05T03:12:00Z,M1.1,-4.9429,-2.0916,1.1139,-5.4518,1,22.81,-10.8,0,0.0,
202409050337,2024-09-05T03:44:00Z,2024-09-05T03:37:00Z,M1.0,-4.9627,-2.2076,0.8451,-5.1123,1,-18.61,-18.78,0,0.0,
202409051320,2024-09-05T13:25:00Z,2024-09-05T13:20:00Z,M1.3,-4.8671,-2.2803,0.699,-5.3043,1,71.59,-14.5,0,0.0,
202409081507,2024-09-08T15:30:00Z,2024-09-08T15:07:00Z,M1.5,-4.8132,-1.8351,1.3617,-5.6336,1,29.76,-13.64,0,0.0,
202409090540,2024-09-09T05:45:00Z,2024-09-09T05:40:00Z,M1.8,-4.7292,-2.0467,0.699,-4.9398,0,,,0,0.0,
202409091211,2024-09-09T12:17:00Z,2024-09-09T12:11:00Z,M1.0,-4.981,-2.2851,0.7782,-5.1757,1,47.46,-12.54,0,0.0,
202409101534,2024-09-10T15:47:00Z,2024-09-10T15:34:00Z,M1.5,-4.7981,-2.0152,1.1139,-5.4916,0,,,0,0.0,
202409102338,2024-09-10T23:50:00Z,2024-09-10T23:38:00Z,M1.0,-4.9706,-2.2681,1.0792,-5.5639,1,2.08,12.37,0,0.0,
202409111227,2024-09-11T12:36:00Z,2024-09-11T12:27:00Z,M1.8,-4.7407,-2.1026,0.9542,-5.4574,1,9.86,14.92,0,0.0,
202409111509,2024-09-11T15:18:00Z,2024-09-11T15:09:00Z,M1.4,-4.844,-2.1391,0.9542,-5.5098,1,79.95,-13.37,0,0.0,
202409111524,2024-09-11T15:30:00Z,2024-09-11T15:24:00Z,M1.8,-4.7306,-2.0045,0.7782,-4.8786,1,-19.7,-7.42,0,0.0,
202409111716,2024-09-11T17:26:00Z,2024-09-11T17:16:00Z,M1.5,-4.7966,-2.1619,1.0,-5.4224,1,75.88,-13.7,0,0.0,
202409111745,2024-09-11T17:52:00Z,2024-09-11T17:45:00Z,M2.0,-4.6869,-2.0367,0.8451,-5.304,1,11.41,15.96,0,0.0,
202409112349,2024-09-12T00:12:00Z,2024-09-11T23:49:00Z,M4.9,-4.3022,-1.4122,1.3617,-5.4409,1,74.14,-13.37,0,0.0,
202409120355,2024-09-12T04:04:00Z,2024-09-12T03:55:00Z,M1.0,-4.9633,-2.2322,0.9542,-5.2809,0,,,0,0.0,
202409120426,2024-09-12T04:32:00Z,2024-09-12T04:26:00Z,M1.2,-4.9117,-2.3066,0.7782,-5.3189,1,23.61,-0.05,0,0.0,
202409120604,2024-09-12T06:18:00Z,2024-09-12T06:04:00Z,M2.7,-4.564,-1.8156,1.1461,-5.3683,0,,,0,0.0,
202409121313,2024-09-12T13:21:00Z,2024-09-12T13:13:00Z,M1.1,-4.9209,-2.1422,0.9031,-5.1183,1,70.74,-13.81,0,0.0,
202409121431,2024-09-12T14:43:00Z,2024-09-12T14:31:00Z,M6.7,-4.1683,-1.7063,1.0792,-5.3226,0,,,0,0.0,
202409121456,2024-09-12T15:06:00Z,2024-09-12T14:56:00Z,M1.6,-4.7822,-1.9222,1.0,-4.9719,1,-60.79,-11.12,0,0.0,
202409130129,2024-09-13T01:37:00Z,2024-09-13T01:29:00Z,M1.6,-4.7833,-2.0372,0.9031,-5.023,0,,,0,0.0,
202409131456,2024-09-13T15:08:00Z,2024-09-13T14:56:00Z,M1.2,-4.8923,-2.0208,1.0792,-5.2367,1,73.28,-10.16,0,0.0,
202409131749,2024-09-13T17:56:00Z,2024-09-13T17:49:00Z,M1.4,-4.8486,-2.171,0.8451,-5.2254,1,-72.07,-15.61,0,0.0,
202409132041,2024-09-13T20:49:00Z,2024-09-13T20:41:00Z,M1.1,-4.9484,-2.1733,0.9031,-5.1767,0,,,0,0.0,
202409140726,2024-09-14T07:41:00Z,2024-09-14T07:26:00Z,M3.0,-4.5183,-1.7379,1.1761,-5.2457,1,-55.58,-16.1,0,0.0,
202409141513,2024-09-14T15:29:00Z,2024-09-14T15:13:00Z,X4.4,-3.3539,-0.526,1.2041,-5.4159,1,-53.17,-14.53,1,33.0,64.1
202409222112,2024-09-22T21:39:00Z,2024-09-22T21:12:00Z,M3.7,-4.4283,-1.4798,1.4314,-5.7578,1,-65.42,-21.68,0,0.0,
202409231423,2024-09-23T14:56:00Z,2024-09-23T14:23:00Z,M1.3,-4.8749,-1.7353,1.5185,-5.6225,0,,,0,0.0,
202409252257,2024-09-25T23:12:00Z,2024-09-25T22:57:00Z,M1.3,-4.8785,-2.112,1.1761,-5.702,1,27.81,-10.25,0,0.0,
202409262258,2024-09-26T23:12:00Z,2024-09-26T22:58:00Z,M1.4,-4.8422,-2.0878,1.1461,-5.5191,1,-80.86,-14.47,0,0.0,
202409291249,2024-09-29T12:53:00Z,2024-09-29T12:49:00Z,M1.0,-4.9843,-2.4052,0.6021,-5.2432,1,-23.6,-9.59,0,0.0,
202409291409,2024-09-29T14:24:00Z,2024-09-29T14:09:00Z,M1.7,-4.7602,-1.8784,1.1761,-5.306,1,-62.33,-15.32,0,0.0,
202409291431,2024-09-29T14:41:00Z,2024-09-29T14:31:00Z,M1.7,-4.7588,-1.8486,1.0,-4.7846,1,-63.48,-15.51,0,0.0,
202409302337,2024-09-30T23:59:00Z,2024-09-30T23:37:00Z,M7.5,-4.1194,-1.2431,1.3424,-5.2089,0,,,0,0.0,
202410011441,2024-10-01T14:52:00Z,2024-10-01T14:41:00Z,M1.0,-4.9937,-2.2586,1.0414,-5.4113,1,2.18,-13.01,0,0.0,
202410011853,2024-10-01T19:17:00Z,2024-10-01T18:53:00Z,M1.4,-4.827,-1.6988,1.3802,-5.1526,1,-26.46,-15.46,0,0.0,
202410012158,2024-10-01T22:20:00Z,2024-10-01T21:58:00Z,X6.9,-3.1566,-0.4421,1.3424,-5.1754,1,-13.15,-13.98,0,0.0,
202410020231,2024-10-02T02:39:00Z,2024-10-02T02:31:00Z,M1.2,-4.9021,-2.2421,0.9031,-5.2185,1,-9.09,8.75,0,0.0,
202410020507,2024-10-02T05:16:00Z,2024-10-02T05:07:00Z,M1.0,-4.9699,-2.349,0.9542,-5.4194,1,19.0,-10.73,0,0.0,
202410020529,2024-10-02T05:38:00Z,2024-10-02T05:29:00Z,M3.6,-4.443,-1.7994,0.9542,-5.3836,1,-11.08,-16.17,0,0.0,
202410020619,2024-10-02T06:24:00Z,2024-10-02T06:19:00Z,M1.1,-4.9408,-2.3575,0.699,-5.2197,0,,,0,0.0,
202410021322,2024-10-02T13:38:00Z,2024-10-02T13:22:00Z,M3.1,-4.4989,-1.6513,1.2041,-5.3325,1,-6.17,-15.95,0,0.0,
202410021958,2024-10-02T20:15:00Z,2024-10-02T19:58:00Z,M1.4,-4.8488,-1.9238,1.2304,-5.363,1,-2.93,-18.06,0,0.0,
202410022027,2024-10-02T20:51:00Z,2024-10-02T20:27:00Z,M3.2,-4.4855,-1.3915,1.3802,-4.9479,1,-2.12,-14.18,0,0.0,
202410030223,2024-10-03T02:34:00Z,2024-10-03T02:23:00Z,M1.1,-4.9468,-2.0979,1.0414,-5.2191,1,3.05,3.58,0,0.0,
202410030322,2024-10-03T03:41:00Z,2024-10-03T03:22:00Z,M1.5,-4.8174,-1.7819,1.2788,-5.1443,1,0.63,-17.12,0,0.0,
202410031208,2024-10-03T12:18:00Z,2024-10-03T12:08:00Z,X8.8,-3.0552,-0.5639,1.0,-5.0354,1,7.82,-13.66,0,0.0,
202410031718,2024-10-03T17:21:00Z,2024-10-03T17:18:00Z,M1.5,-4.8041,-2.2308,0.4771,-4.9395,1,29.27,-12.57,0,0.0,
202410032009,2024-10-03T20:28:00Z,2024-10-03T20:09:00Z,M6.6,-4.1781,-1.2882,1.2788,-5.0293,1,49.26,-8.47,0,0.0,
202410032139,2024-10-03T21:41:00Z,2024-10-03T21:39:00Z,M2.2,-4.6412,-2.2328,0.301,-5.0697,1,28.48,-12.81,0,0.0,
202410040009,2024-10-04T00:17:00Z,2024-10-04T00:09:00Z,M1.2,-4.9179,-2.1113,0.9031,-5.0539,1,23.57,14.27,0,0.0,
202410040435,2024-10-04T04:55:00Z,2024-10-04T04:35:00Z,M4.0,-4.3924,-1.4674,1.301,-5.2361,1,16.34,-15.41,0,0.0,
202410041058,2024-10-04T11:03:00Z,2024-10-04T10:58:00Z,M1.2,-4.9104,-2.2859,0.699,-5.269,1,59.69,-10.86,0,0.0,
202410042055,2024-10-04T21:04:00Z,2024-10-04T20:55:00Z,M1.1,-4.925,-2.1314,0.9542,-5.1694,1,36.17,-12.69,0,0.0,
202410042204,2024-10-04T22:11:00Z,2024-10-04T22:04:00Z,M1.2,-4.9155,-2.2346,0.8451,-5.1805,1,67.45,17.63,0,0.0,
202410050007,2024-10-05T00:12:00Z,2024-10-05T00:07:00Z,M1.0,-4.9648,-2.3413,0.699,-5.26,1,20.38,-11.26,0,0.0,
202410050347,2024-10-05T04:08:00Z,2024-10-05T03:47:00Z,M1.0,-4.9849,-1.8631,1.3222,-5.1788,1,36.95,-21.34,0,0.0,
202410052032,2024-10-05T20:40:00Z,2024-10-05T20:32:00Z,M1.1,-4.9441,-2.1861,0.9031,-5.2111,1,41.29,-19.58,0,0.0,
202410052310,2024-10-05T23:20:00Z,2024-10-05T23:10:00Z,M2.4,-4.6099,-1.8967,1.0,-5.2168,1,39.56,-13.95,0,0.0,
202410060009,2024-10-06T00:18:00Z,2024-10-06T00:09:00Z,M1.0,-4.9741,-2.1589,0.9542,-5.1664,1,32.56,-21.39,0,0.0,
202410061514,2024-10-06T15:21:00Z,2024-10-06T15:14:00Z,M1.3,-4.8813,-2.258,0.8451,-5.2253,0,,,0,0.0,
202410061641,2024-10-06T16:45:00Z,2024-10-06T16:41:00Z,M1.0,-4.9629,-2.3928,0.6021,-5.3277,1,48.14,-13.53,0,0.0,
202410061852,2024-10-06T18:59:00Z,2024-10-06T18:52:00Z,M1.3,-4.8578,-2.2665,0.8451,-5.3567,1,49.94,-15.03,0,0.0,
202410062052,2024-10-06T21:20:00Z,2024-10-06T20:52:00Z,M1.5,-4.8079,-1.676,1.4472,-5.364,1,52.52,-13.49,0,0.0,
202410071803,2024-10-07T18:38:00Z,2024-10-07T18:03:00Z,M1.3,-4.8776,-1.6188,1.5441,-5.2953,1,72.27,-15.35,0,0.0,
202410071902,2024-10-07T19:13:00Z,2024-10-07T19:02:00Z,X2.1,-3.6709,-0.9656,1.0414,-4.9681,1,69.65,-15.47,0,0.0,
202410090125,2024-10-09T01:56:00Z,2024-10-09T01:25:00Z,X1.7,-3.7449,-0.8009,1.4914,-5.4808,1,8.2,13.8,1,1810.0,3.15
202410090541,2024-10-09T05:46:00Z,2024-10-09T05:41:00Z,M1.6,-4.7844,-2.0981,0.699,-4.9467,1,-13.52,-9.73,0,0.0,
202410091544,2024-10-09T15:47:00Z,2024-10-09T15:44:00Z,X1.3,-3.8561,-1.3738,0.4771,-5.3984,0,,,0,0.0,
202410092259,2024-10-09T23:12:00Z,2024-10-09T22:59:00Z,M7.6,-4.1139,-1.4505,1.1139,-5.1912,0,,,0,0.0,
202410101147,2024-10-10T12:00:00Z,2024-10-10T11:47:00Z,M1.3,-4.8852,-2.0265,1.1139,-5.3352,0,,,0,0.0,
202410101210,2024-10-10T12:19:00Z,2024-10-10T12:10:00Z,M1.1,-4.9379,-2.0556,0.9542,-4.9537,1,58.37,-9.63,0,0.0,
202410101652,2024-10-10T17:00:00Z,2024-10-10T16:52:00Z,M1.0,-4.9789,-2.271,0.9031,-5.3659,0,,,0,0.0,
202410102153,2024-10-10T22:30:00Z,2024-10-10T21:53:00Z,M2.9,-4.5255,-1.3551,1.5682,-5.1283,0,,,0,0.0,
202410111548,2024-10-11T16:04:00Z,2024-10-11T15:48:00Z,M1.4,-4.8266,-1.9874,1.2041,-5.648,1,-23.65,-7.18,0,0.0,
202410111607,2024-10-11T16:32:00Z,2024-10-11T16:07:00Z,M2.1,-4.6727,-1.4861,1.3979,-4.8371,1,-24.8,-7.99,0,0.0,
202410140004,2024-10-14T00:17:00Z,2024-10-14T00:04:00Z,M3.3,-4.4693,-1.7535,1.1139,-5.7709,1,85.26,16.49,0,0.0,
202410141322,2024-10-14T13:37:00Z,2024-10-14T13:22:00Z,M1.8,-4.7436,-1.9917,1.1761,-5.7387,1,88.91,16.65,0,0.0,
202410150202,2024-10-15T02:13:00Z,2024-10-15T02:02:00Z,M1.8,-4.7248,-2.0468,1.0414,-5.712,1,25.79,-6.73,0,0.0,
202410150223,2024-10-15T02:27:00Z,2024-10-15T02:23:00Z,M1.1,-4.9391,-2.2708,0.6021,-4.961,1,24.85,-7.83,0,0.0,
202410151000,2024-10-15T10:06:00Z,2024-10-15T10:00:00Z,M1.2,-4.8884,-2.3743,0.7782,-5.69,1,29.2,-6.6,0,0.0,
202410151800,2024-10-15T18:18:00Z,2024-10-15T18:00:00Z,M1.7,-4.7575,-1.9386,1.2553,-5.8029,1,82.78,19.21,0,0.0,
202410151829,2024-10-15T18:33:00Z,2024-10-15T18:29:00Z,M2.1,-4.6774,-2.1061,0.6021,-5.0244,1,29.66,-10.38,0,0.0,
202410160312,2024-10-16T03:19:00Z,2024-10-16T03:12:00Z,M2.9,-4.5264,-2.0431,0.8451,-5.6111,1,38.6,-5.97,0,0.0,
202410160338,2024-10-16T03:46:00Z,2024-10-16T03:38:00Z,M3.7,-4.4311,-1.6813,0.9031,-4.7552,1,36.3,-6.41,0,0.0,
202410160457,2024-10-16T05:15:00Z,2024-10-16T04:57:00Z,M2.8,-4.5513,-1.7802,1.2553,-5.5297,1,39.32,-6.68,0,0.0,
202410161312,2024-10-16T13:27:00Z,2024-10-16T13:12:00Z,M1.5,-4.8152,-2.0213,1.1761,-5.705,1,42.85,-7.59,0,0.0,
202410161429,2024-10-16T14:42:00Z,2024-10-16T14:29:00Z,M1.3,-4.8736,-1.9285,1.1139,-5.1979,1,42.57,-8.18,0,0.0,
202410161451,2024-10-16T15:00:00Z,2024-10-16T14:51:00Z,M1.3,-4.8703,-2.0105,0.9542,-4.9327,1,37.81,-6.2,0,0.0,
202410170212,2024-10-17T02:22:00Z,2024-10-17T02:12:00Z,M1.0,-4.9878,-2.332,1.0,-5.7691,1,8.48,9.02,0,0.0,
202410170453,2024-10-17T05:05:00Z,2024-10-17T04:53:00Z,M2.4,-4.618,-1.9796,1.0792,-5.7972,1,55.52,-3.34,0,0.0,
202410181728,2024-10-18T17:36:00Z,2024-10-18T17:28:00Z,M1.1,-4.9368,-2.3754,0.9031,-5.8486,1,81.93,-4.37,0,0.0,
202410181927,2024-10-18T19:38:00Z,2024-10-18T19:27:00Z,M4.8,-4.3153,-1.7868,1.0414,-5.8366,0,,,0,0.0,
202410182313,2024-10-18T23:29:00Z,2024-10-18T23:13:00Z,M4.7,-4.3265,-1.7478,1.2041,-5.7526,0,,,0,0.0,
202410190648,2024-10-19T06:56:00Z,2024-10-19T06:48:00Z,M6.4,-4.1913,-1.626,0.9031,-5.5682,0,,,0,0.0,
202410191427,2024-10-19T14:34:00Z,2024-10-19T14:27:00Z,M1.7,-4.7684,-2.334,0.8451,-5.8872,0,,,0,0.0,
202410240330,2024-10-24T03:57:00Z,2024-10-24T03:30:00Z,X3.2,-3.4869,-0.5207,1.4314,-5.5479,1,-69.81,-16.43,0,0.0,
202410241022,2024-10-24T10:29:00Z,2024-10-24T10:22:00Z,M1.2,-4.9115,-2.2387,0.8451,-5.2327,1,-77.71,-14.24,0,0.0,
202410250723,2024-10-25T07:33:00Z,2024-10-25T07:23:00Z,M1.1,-4.9406,-2.3618,1.0,-5.7325,1,-75.25,-10.05,0,0.0,
202410260557,2024-10-26T06:23:00Z,2024-10-26T05:57:00Z,M9.4,-4.0259,-1.0757,1.415,-5.3611,1,-55.95,-12.79,0,0.0,
202410260632,2024-10-26T07:17:00Z,2024-10-26T06:32:00Z,X1.8,-3.7387,-0.3826,1.6532,-4.0867,1,-60.35,-14.06,1,364.0,11.88
202410261404,2024-10-26T14:16:00Z,2024-10-26T14:04:00Z,M1.6,-4.7805,-1.8921,1.0792,-5.0373,1,-79.98,18.79,0,0.0,
202410272305,2024-10-27T23:24:00Z,2024-10-27T23:05:00Z,M2.8,-4.5481,-1.7546,1.2788,-5.5592,1,-64.11,13.87,0,0.0,
202410280359,2024-10-28T04:09:00Z,2024-10-28T03:59:00Z,M1.3,-4.876,-2.1087,1.0,-5.1876,1,-53.16,9.32,0,0.0,
202410281441,2024-10-28T14:44:00Z,2024-10-28T14:41:00Z,M1.2,-4.9101,-2.3767,0.4771,-5.1136,1,-11.06,-16.45,0,0.0,
202410281613,2024-10-28T16:28:00Z,2024-10-28T16:13:00Z,M4.1,-4.3772,-1.618,1.1761,-5.1239,1,-65.13,16.34,0,0.0,
202410291621,2024-10-29T16:33:00Z,2024-10-29T16:21:00Z,M1.1,-4.929,-2.0706,1.0792,-5.2171,1,-12.36,-9.06,0,0.0,
202410302029,2024-10-30T20:53:00Z,2024-10-30T20:29:00Z,M7.1,-4.1447,-1.2685,1.3802,-5.3224,1,-38.6,16.71,0,0.0,
202410310323,2024-10-31T03:30:00Z,2024-10-31T03:23:00Z,M1.0,-4.9684,-2.2037,0.8451,-5.1053,1,-28.24,14.93,0,0.0,
202410310922,2024-10-31T09:37:00Z,2024-10-31T09:22:00Z,M1.3,-4.8577,-2.016,1.1761,-5.3629,1,-40.73,18.3,0,0.0,
202410311241,2024-10-31T12:54:00Z,2024-10-31T12:41:00Z,M2.4,-4.6189,-1.8978,1.1139,-5.5852,1,35.01,25.32,0,0.0,
202410311346,2024-10-31T13:59:00Z,2024-10-31T13:46:00Z,M1.2,-4.8902,-2.0534,1.1139,-5.3786,1,38.0,-10.26,0,0.0,
202410311857,2024-10-31T19:07:00Z,2024-10-31T18:57:00Z,M1.0,-4.9873,-2.1859,1.0,-5.4316,1,45.86,-9.84,0,0.0,
202410312103,2024-10-31T21:10:00Z,2024-10-31T21:03:00Z,M4.5,-4.3414,-1.8216,0.8451,-5.557,1,-25.8,16.7,0,0.0,
202410312112,2024-10-31T21:20:00Z,2024-10-31T21:12:00Z,X1.9,-3.7031,-1.0561,0.9031,-4.4409,1,-24.2,16.5,0,0.0,
202411010205,2024-11-01T02:16:00Z,2024-11-01T02:05:00Z,M1.3,-4.8619,-2.2027,1.0414,-5.477,1,-25.45,16.87,0,0.0,
202411010946,2024-11-01T10:14:00Z,2024-11-01T09:46:00Z,M1.0,-4.9664,-1.8041,1.4472,-5.3922,1,64.97,-11.94,0,0.0,
202411011239,2024-11-01T12:52:00Z,2024-11-01T12:39:00Z,M1.3,-4.8742,-1.9879,1.1139,-5.1351,1,28.28,-8.58,0,0.0,
202411011418,2024-11-01T14:31:00Z,2024-11-01T14:18:00Z,M2.0,-4.6906,-1.895,1.1139,-5.2089,1,-18.0,17.02,0,0.0,
202411020727,2024-11-02T07:38:00Z,2024-11-02T07:27:00Z,M1.0,-4.9634,-2.1497,1.0414,-5.5146,1,49.49,-15.85,0,0.0,
202411020813,2024-11-02T08:31:00Z,2024-11-02T08:13:00Z,M1.2,-4.9048,-1.9262,1.2553,-5.3045,1,65.18,-11.33,0,0.0,
202411030302,2024-11-03T03:11:00Z,2024-11-03T03:02:00Z,M1.1,-4.9457,-2.3374,0.9542,-5.5345,1,-46.54,-1.64,0,0.0,
202411030839,2024-11-03T08:49:00Z,2024-11-03T08:39:00Z,M1.1,-4.9362,-2.1498,1.0,-5.3458,1,8.62,13.36,0,0.0,
202411031511,2024-11-03T15:24:00Z,2024-11-03T15:11:00Z,M1.4,-4.853,-1.9436,1.1139,-5.0867,1,34.25,-11.31,0,0.0,
202411031738,2024-11-03T17:53:00Z,2024-11-03T17:38:00Z,M1.3,-4.8782,-2.1159,1.1761,-5.4247,1,-45.77,-5.45,0,0.0,
202411040052,2024-11-04T00:57:00Z,2024-11-04T00:52:00Z,M1.5,-4.8071,-2.2647,0.699,-5.3707,1,-45.47,-6.58,0,0.0,
202411040338,2024-11-04T03:45:00Z,2024-11-04T03:38:00Z,M1.1,-4.9421,-2.2319,0.8451,-5.2266,1,-68.85,-3.64,0,0.0,
202411040407,2024-11-04T04:15:00Z,2024-11-04T04:07:00Z,M1.0,-4.9944,-2.2684,0.9031,-5.2798,1,-49.92,-6.57,0,0.0,
202411040431,2024-11-04T04:34:00Z,2024-11-04T04:31:00Z,M1.3,-4.8552,-2.396,0.4771,-5.2166,1,15.36,17.74,0,0.0,
202411040702,2024-11-04T07:08:00Z,2024-11-04T07:02:00Z,M1.3,-4.8708,-2.2807,0.7782,-5.3757,1,-39.92,-6.63,0,0.0,
202411040829,2024-11-04T08:40:00Z,2024-11-04T08:29:00Z,M1.2,-4.9208,-2.1036,1.0414,-5.3356,1,-45.45,-7.09,0,0.0,
202411041007,2024-11-04T10:17:00Z,2024-11-04T10:07:00Z,M1.6,-4.7776,-2.042,1.0,-5.382,1,-41.17,-6.23,0,0.0,
202411041405,2024-11-04T14:28:00Z,2024-11-04T14:05:00Z,M1.1,-4.942,-1.9275,1.3617,-5.4166,1,34.2,-10.57,0,0.0,
202411041500,2024-11-04T15:08:00Z,2024-11-04T15:00:00Z,M1.3,-4.885,-2.2242,0.9031,-5.23,1,-46.6,-5.88,0,0.0,
202411041526,2024-11-04T15:33:00Z,2024-11-04T15:26:00Z,M3.6,-4.4336,-1.8593,0.8451,-5.2726,1,-36.21,-6.2,0,0.0,
202411050635,2024-11-05T06:54:00Z,2024-11-05T06:35:00Z,M2.6,-4.5781,-1.7095,1.2788,-5.3514,1,-77.09,-5.44,0,0.0,
202411051328,2024-11-05T13:39:00Z,2024-11-05T13:28:00Z,M1.2,-4.9099,-2.1019,1.0414,-5.4075,1,-28.65,-7.04,0,0.0,
202411051358,2024-11-05T14:19:00Z,2024-11-05T13:58:00Z,M2.8,-4.5385,-1.5648,1.3222,-5.1565,1,-25.59,-6.08,0,0.0,
202411051505,2024-11-05T15:26:00Z,2024-11-05T15:05:00Z,M4.1,-4.3819,-1.4337,1.3222,-5.2388,0,,,0,0.0,
202411060228,2024-11-06T02:38:00Z,2024-11-06T02:28:00Z,M1.1,-4.9531,-2.1187,1.0,-5.1728,1,-16.81,-6.61,0,0.0,
202411060302,2024-11-06T03:09:00Z,2024-11-06T03:02:00Z,M1.2,-4.9128,-2.2006,0.8451,-5.3387,1,-13.28,-3.95,0,0.0,
202411060746,2024-11-06T08:04:00Z,2024-11-06T07:46:00Z,M2.9,-4.5336,-1.6089,1.2553,-4.9995,1,-14.07,-6.4,0,0.0,
202411060848,2024-11-06T08:50:00Z,2024-11-06T08:48:00Z,M5.7,-4.2376,-1.8427,0.301,-5.031,1,69.44,16.32,0,0.0,
202411061156,2024-11-06T12:04:00Z,2024-11-06T11:56:00Z,M1.5,-4.8008,-2.0867,0.9031,-5.108,1,-22.54,-5.51,0,0.0,
202411061256,2024-11-06T13:02:00Z,2024-11-06T12:56:00Z,M1.2,-4.9046,-2.2103,0.7782,-5.1518,0,,,0,0.0,
202411061324,2024-11-06T13:40:00Z,2024-11-06T13:24:00Z,X2.3,-3.633,-1.2216,1.2041,-5.1512,1,-11.48,-6.16,0,0.0,
202411061427,2024-11-06T14:38:00Z,2024-11-06T14:27:00Z,M5.2,-4.28,-1.4061,1.0414,-4.576,1,-69.59,-7.27,0,0.0,
202411061710,2024-11-06T17:17:00Z,2024-11-06T17:10:00Z,M1.2,-4.9026,-2.1372,0.8451,-5.036,1,-62.98,-7.19,0,0.0,
202411061853,2024-11-06T18:59:00Z,2024-11-06T18:53:00Z,M1.1,-4.9387,-2.2037,0.7782,-5.0757,0,,,0,0.0,
202411062035,2024-11-06T20:42:00Z,2024-11-06T20:35:00Z,M1.3,-4.885,-2.1598,0.8451,-5.0932,1,-78.91,-8.32,0,0.0,
202411062243,2024-11-06T23:05:00Z,2024-11-06T22:43:00Z,M1.0,-4.9611,-1.894,1.3424,-5.3468,1,-83.04,-9.73,0,0.0,
202411062310,2024-11-06T23:16:00Z,2024-11-06T23:10:00Z,M1.1,-4.9333,-2.1745,0.7782,-4.9788,1,-40.97,-2.93,0,0.0,
202411062342,2024-11-07T00:04:00Z,2024-11-06T23:42:00Z,M1.6,-4.7937,-1.7068,1.3424,-5.0812,1,-34.9,-7.69,0,0.0,
202411070115,2024-11-07T01:27:00Z,2024-11-07T01:15:00Z,M2.5,-4.5951,-1.8519,1.0792,-5.2684,1,-74.54,-7.39,0,0.0,
202411070352,2024-11-07T04:20:00Z,2024-11-07T03:52:00Z,M2.4,-4.6058,-1.6228,1.4472,-5.4435,1,-3.5,-5.54,0,0.0,
202411070720,2024-11-07T07:26:00Z,2024-11-07T07:20:00Z,M1.3,-4.8732,-2.1895,0.7782,-5.2681,1,-2.85,-7.57,0,0.0,
202411070736,2024-11-07T07:43:00Z,2024-11-07T07:36:00Z,M1.6,-4.7816,-2.0361,0.8451,-5.0526,0,,,0,0.0,
202411070746,2024-11-07T07:55:00Z,2024-11-07T07:46:00Z,M2.7,-4.5592,-1.74,0.9542,-4.8005,0,,,0,0.0,
202411071153,2024-11-07T12:02:00Z,2024-11-07T11:53:00Z,M1.3,-4.8544,-2.1395,0.9542,-5.5063,1,-74.09,-7.41,0,0.0,
202411071449,2024-11-07T15:06:00Z,2024-11-07T14:49:00Z,M2.3,-4.6382,-1.8782,1.2304,-5.4014,1,0.84,-5.46,0,0.0,
202411080253,2024-11-08T03:01:00Z,2024-11-08T02:53:00Z,M1.4,-4.8262,-2.1938,0.9031,-5.4307,1,6.03,-5.63,0,0.0,
202411092044,2024-11-09T20:50:00Z,2024-11-09T20:44:00Z,M1.2,-4.8976,-2.4104,0.7782,-5.6348,1,-35.16,-8.07,0,0.0,
202411100004,2024-11-10T00:15:00Z,2024-11-10T00:04:00Z,M4.2,-4.3757,-1.7684,1.0414,-5.5709,1,-33.3,-6.14,0,0.0,
202411101151,2024-11-10T12:06:00Z,2024-11-10T11:51:00Z,M9.3,-4.0279,-1.4164,1.1761,-5.7226,1,-24.55,-7.43,0,0.0,
202411102009,2024-11-10T20:21:00Z,2024-11-10T20:09:00Z,M4.8,-4.3114,-1.673,1.0792,-5.6586,1,-31.51,-10.27,0,0.0,
202411110507,2024-11-11T05:26:00Z,2024-11-11T05:07:00Z,M1.1,-4.9261,-1.9413,1.2788,-5.4193,1,-22.92,-5.84,0,0.0,
202411110536,2024-11-11T05:43:00Z,2024-11-11T05:36:00Z,M1.3,-4.8568,-2.0877,0.8451,-5.0159,1,-21.56,-5.05,0,0.0,
202411130010,2024-11-13T00:22:00Z,2024-11-13T00:10:00Z,M1.0,-4.9884,-2.3225,1.0792,-5.8122,1,-4.28,-11.52,0,0.0,
202411131657,2024-11-13T17:08:00Z,2024-11-13T16:57:00Z,M1.7,-4.7555,-2.1734,1.0414,-5.8039,1,8.84,-8.33,0,0.0,
202411150136,2024-11-15T01:46:00Z,2024-11-15T01:36:00Z,M1.1,-4.9483,-2.2414,1.0,-5.8863,1,-50.01,-18.51,0,0.0,
202411151204,2024-11-15T12:18:00Z,2024-11-15T12:04:00Z,M1.0,-4.9889,-2.2142,1.1461,-5.73,1,-36.46,-16.95,0,0.0,
202411160127,2024-11-16T01:37:00Z,2024-11-16T01:27:00Z,M1.6,-4.7911,-2.3902,1.0,-5.7155,1,33.22,-7.68,0,0.0,
202411180513,2024-11-18T05:22:00Z,2024-11-18T05:13:00Z,M1.0,-4.9772,-2.3894,0.9542,-5.8423,1,-59.71,-6.56,0,0.0,
202411180725,2024-11-18T07:32:00Z,2024-11-18T07:25:00Z,M1.7,-4.7519,-2.2299,0.8451,-5.5189,1,-69.7,-5.96,0,0.0,
202411180754,2024-11-18T07:57:00Z,2024-11-18T07:54:00Z,M1.2,-4.9013,-2.528,0.4771,-5.5058,1,-67.16,-7.08,0,0.0,
202411181041,2024-11-18T10:58:00Z,2024-11-18T10:41:00Z,M2.5,-4.596,-2.0827,1.2304,-5.7572,1,-45.92,-4.89,0,0.0,
202411181106,2024-11-18T11:12:00Z,2024-11-18T11:06:00Z,M1.6,-4.7835,-2.0905,0.7782,-5.0491,0,,,0,0.0,
202411181119,2024-11-18T11:27:00Z,2024-11-18T11:19:00Z,M1.5,-4.8104,-1.9816,0.9031,-4.8832,0,,,0,0.0,
202411181242,2024-11-18T12:53:00Z,2024-11-18T12:42:00Z,M3.6,-4.4352,-1.8332,1.0414,-5.16,1,-66.31,-5.75,0,0.0,
202411181743,2024-11-18T17:49:00Z,2024-11-18T17:43:00Z,M1.8,-4.733,-2.2237,0.7782,-5.8195,1,-63.81,-6.48,0,0.0,
202411181845,2024-11-18T19:15:00Z,2024-11-18T18:45:00Z,M2.0,-4.6918,-1.5664,1.4771,-5.6683,1,-67.57,-9.92,0,0.0,
202411182350,2024-11-19T00:00:00Z,2024-11-18T23:50:00Z,M1.1,-4.9507,-2.3442,1.0,-5.601,1,73.14,-9.1,0,0.0,
202411201912,2024-11-20T19:48:00Z,2024-11-20T19:12:00Z,M1.1,-4.9383,-1.7108,1.5563,-5.5345,0,,,0,0.0,
202411222126,2024-11-22T22:15:00Z,2024-11-22T21:26:00Z,M1.0,-4.9665,-1.6457,1.6902,-5.4614,1,-77.39,-17.99,0,0.0,
202411231554,2024-11-23T16:07:00Z,2024-11-23T15:54:00Z,M1.1,-4.9359,-2.0849,1.1139,-5.3087,1,-0.99,-6.9,0,0.0,
202411231749,2024-11-23T18:11:00Z,2024-11-23T17:49:00Z,M1.1,-4.9505,-1.9228,1.3424,-5.4552,0,,,0,0.0,
202411242011,2024-11-24T20:22:00Z,2024-11-24T20:11:00Z,M1.0,-4.9601,-2.2454,1.0414,-5.647,1,-72.22,20.02,0,0.0,
202411250139,2024-11-25T01:59:00Z,2024-11-25T01:39:00Z,M1.1,-4.948,-2.0003,1.301,-5.5935,1,-33.47,-11.71,0,0.0,
202411250439,2024-11-25T04:53:00Z,2024-11-25T04:39:00Z,M1.7,-4.7476,-2.0137,1.1461,-5.5086,1,-46.65,-15.83,0,0.0,
202411250724,2024-11-25T07:42:00Z,2024-11-25T07:24:00Z,M9.3,-4.0301,-1.2727,1.2553,-5.65,1,-71.93,20.46,0,0.0,
202411251201,2024-11-25T12:12:00Z,2024-11-25T12:01:00Z,M2.0,-4.6862,-2.1211,1.0414,-5.6113,1,-40.15,-14.09,0,0.0,
202411251606,2024-11-25T16:36:00Z,2024-11-25T16:06:00Z,M1.0,-4.9938,-1.8126,1.4771,-5.2641,1,-33.93,-11.39,0,0.0,
202411251658,2024-11-25T17:07:00Z,2024-11-25T16:58:00Z,M1.5,-4.8208,-2.0037,0.9542,-5.051,1,-50.7,7.46,0,0.0,
202411252024,2024-11-25T20:54:00Z,2024-11-25T20:24:00Z,M1.9,-4.7165,-1.6417,1.4771,-5.4197,1,22.03,-11.57,0,0.0,
202412040953,2024-12-04T10:00:00Z,2024-12-04T09:53:00Z,M2.3,-4.6255,-2.1192,0.8451,-5.6778,1,-78.05,-8.68,0,0.0,
202412042031,2024-12-04T20:46:00Z,2024-12-04T20:31:00Z,M1.3,-4.8782,-2.0492,1.1761,-5.5455,1,-59.16,-12.81,0,0.0,
202412042057,2024-12-04T21:05:00Z,2024-12-04T20:57:00Z,M1.4,-4.8355,-2.034,0.9031,-4.9878,1,-68.04,-8.28,0,0.0,
202412050656,2024-12-05T07:09:00Z,2024-12-05T06:56:00Z,M1.0,-4.9736,-2.2199,1.1139,-5.6953,1,-66.61,-6.02,0,0.0,
202412050812,2024-12-05T08:20:00Z,2024-12-05T08:12:00Z,M1.1,-4.9543,-2.4089,0.9031,-5.5824,0,,,0,0.0,
202412051032,2024-12-05T10:40:00Z,2024-12-05T10:32:00Z,M2.5,-4.5915,-2.0377,0.9031,-5.7533,0,,,0,0.0,
202412060906,2024-12-06T09:20:00Z,2024-12-06T09:06:00Z,M1.2,-4.9184,-2.1817,1.1461,-5.7282,1,-44.27,-6.63,0,0.0,
202412071300,2024-12-07T13:08:00Z,2024-12-07T13:00:00Z,M2.3,-4.6298,-2.0614,0.9031,-5.7536,1,-29.3,-6.58,0,0.0,
202412072153,2024-12-07T22:15:00Z,2024-12-07T21:53:00Z,M3.2,-4.4905,-1.6827,1.3424,-5.781,1,-13.82,-3.76,0,0.0,
202412080850,2024-12-08T09:06:00Z,2024-12-08T08:50:00Z,X2.2,-3.6521,-1.1967,1.2041,-5.5715,1,57.23,-7.3,0,0.0,
202412081600,2024-12-08T16:11:00Z,2024-12-08T16:00:00Z,M1.5,-4.8169,-2.1399,1.0414,-5.4903,1,58.96,-7.76,0,0.0,
202412100636,2024-12-10T06:48:00Z,2024-12-10T06:36:00Z,M6.3,-4.1951,-1.5885,1.0792,-5.3813,1,-67.18,-14.72,0,0.0,
202412100703,2024-12-10T07:09:00Z,2024-12-10T07:03:00Z,M1.4,-4.8435,-2.2359,0.7782,-5.3398,1,-31.52,-14.57,0,0.0,
202412101055,2024-12-10T11:02:00Z,2024-12-10T10:55:00Z,M1.5,-4.8113,-2.2187,0.8451,-5.7323,1,-79.39,-16.45,0,0.0,
202412101754,2024-12-10T17:58:00Z,2024-12-10T17:54:00Z,M1.6,-4.7872,-2.3211,0.6021,-5.5537,1,-66.26,-16.98,0,0.0,
202412110554,2024-12-11T06:04:00Z,2024-12-11T05:54:00Z,M1.9,-4.7035,-2.2098,1.0,-5.8169,1,-60.52,-15.8,0,0.0,
202412111003,2024-12-11T10:06:00Z,2024-12-11T10:03:00Z,M2.7,-4.5578,-2.2717,0.4771,-5.7452,1,-13.3,20.49,0,0.0,
202412111532,2024-12-11T15:49:00Z,2024-12-11T15:32:00Z,M6.6,-4.1773,-1.4999,1.2304,-5.8766,0,,,0,0.0,
202412121732,2024-12-12T17:43:00Z,2024-12-12T17:32:00Z,M2.2,-4.6539,-2.0876,1.0414,-5.9187,1,-41.55,-16.11,0,0.0,
202412122058,2024-12-12T21:07:00Z,2024-12-12T20:58:00Z,M1.6,-4.7957,-2.303,0.9542,-5.8362,1,-40.12,-16.43,0,0.0,
202412130311,2024-12-13T03:18:00Z,2024-12-13T03:11:00Z,M1.0,-4.9945,-2.5808,0.8451,-5.8528,1,-37.24,-16.93,0,0.0,
202412131113,2024-12-13T11:24:00Z,2024-12-13T11:13:00Z,M2.0,-4.6835,-2.1213,1.0414,-5.8535,1,50.72,-6.77,0,0.0,
202412131415,2024-12-13T14:24:00Z,2024-12-13T14:15:00Z,M1.0,-4.9723,-2.5014,0.9542,-5.9568,1,-30.76,-17.14,0,0.0,
202412152015,2024-12-15T20:24:00Z,2024-12-15T20:15:00Z,M3.0,-4.5112,-2.1655,0.9542,-5.6572,1,45.57,20.8,0,0.0,
202412191021,2024-12-19T10:38:00Z,2024-12-19T10:21:00Z,M1.6,-4.7861,-1.9365,1.2304,-5.6261,1,77.01,-19.71,0,0.0,
202412191527,2024-12-19T15:34:00Z,2024-12-19T15:27:00Z,M3.7,-4.4246,-1.9904,0.8451,-5.5419,1,-67.04,-12.97,0,0.0,
202412191856,2024-12-19T19:00:00Z,2024-12-19T18:56:00Z,M1.7,-4.7524,-2.3819,0.6021,-5.6385,1,-73.15,-12.01,0,0.0,
202412200720,2024-12-20T07:26:00Z,2024-12-20T07:20:00Z,M2.1,-4.6766,-2.1322,0.7782,-5.6675,0,,,0,0.0,
202412201115,2024-12-20T11:18:00Z,2024-12-20T11:15:00Z,M2.4,-4.6078,-2.3209,0.4771,-5.7512,1,-60.47,-12.95,0,0.0,
202412210033,2024-12-21T00:39:00Z,2024-12-21T00:33:00Z,M1.9,-4.7061,-2.3325,0.7782,-5.7476,1,-57.94,-14.49,0,0.0,
202412220403,2024-12-22T04:10:00Z,2024-12-22T04:03:00Z,M1.0,-4.9806,-2.5579,0.8451,-5.609,1,-46.49,-16.22,0,0.0,
202412221406,2024-12-22T14:14:00Z,2024-12-22T14:06:00Z,M1.0,-4.962,-2.2767,0.9031,-5.5738,1,58.8,-22.42,0,0.0,
202412222039,2024-12-22T20:49:00Z,2024-12-22T20:39:00Z,M1.1,-4.9249,-2.3253,1.0,-5.5927,1,-39.4,-14.9,0,0.0,
202412230210,2024-12-23T02:31:00Z,2024-12-23T02:10:00Z,M1.0,-4.983,-1.9909,1.3222,-5.5576,1,-86.89,16.94,0,0.0,
202412230624,2024-12-23T06:29:00Z,2024-12-23T06:24:00Z,M1.0,-4.9645,-2.4738,0.699,-5.5659,1,-16.94,-10.7,0,0.0,
202412231106,2024-12-23T11:12:00Z,2024-12-23T11:06:00Z,M8.9,-4.0473,-1.5714,0.7782,-5.5419,1,-28.69,-17.08,0,0.0,
202412240014,2024-12-24T00:19:00Z,2024-12-24T00:14:00Z,M4.7,-4.324,-1.8382,0.699,-5.1265,1,-22.29,-15.94,0,0.0,
202412240828,2024-12-24T08:41:00Z,2024-12-24T08:28:00Z,M4.1,-4.3866,-1.8603,1.1139,-5.6145,1,-15.26,-16.57,0,0.0,
202412241402,2024-12-24T14:10:00Z,2024-12-24T14:02:00Z,M1.1,-4.9385,-2.247,0.9031,-5.3502,1,-13.77,-21.24,0,0.0,
202412241625,2024-12-24T16:34:00Z,2024-12-24T16:25:00Z,M1.3,-4.881,-2.1877,0.9542,-5.3422,1,-27.5,-13.05,0,0.0,
202412241820,2024-12-24T18:24:00Z,2024-12-24T18:20:00Z,M1.0,-4.9619,-2.5052,0.6021,-5.5502,1,-19.95,-17.47,0,0.0,
202412242015,2024-12-24T20:28:00Z,2024-12-24T20:15:00Z,M1.0,-4.9737,-2.0393,1.1139,-5.1758,1,27.33,-10.24,0,0.0,
202412242224,2024-12-24T22:34:00Z,2024-12-24T22:24:00Z,M1.2,-4.9137,-2.1325,1.0,-5.3873,1,-61.38,20.1,0,0.0,
202412250414,2024-12-25T04:30:00Z,2024-12-25T04:14:00Z,M2.8,-4.5449,-1.7716,1.2041,-5.2923,1,-58.15,18.9,0,0.0,
202412250446,2024-12-25T04:49:00Z,2024-12-25T04:46:00Z,M4.9,-4.3091,-1.9384,0.4771,-5.0457,1,-3.7,-17.24,0,0.0,
202412252359,2024-12-26T00:30:00Z,2024-12-25T23:59:00Z,M3.0,-4.5119,-1.5909,1.4914,-5.4304,1,-22.8,15.11,0,0.0,
202412260252,2024-12-26T03:15:00Z,2024-12-26T02:52:00Z,M7.3,-4.1344,-1.2984,1.3617,-5.1953,1,-36.97,15.53,0,0.0,
202412271527,2024-12-27T15:38:00Z,2024-12-27T15:27:00Z,M1.2,-4.9035,-2.2038,1.0414,-5.464,1,39.95,-14.91,0,0.0,
202412272029,2024-12-27T20:35:00Z,2024-12-27T20:29:00Z,M3.3,-4.4807,-1.8815,0.7782,-5.1062,1,-23.05,18.58,0,0.0,
202412281112,2024-12-28T11:21:00Z,2024-12-28T11:12:00Z,M4.5,-4.3402,-1.7407,0.9542,-5.2429,1,31.65,-17.16,0,0.0,
202412281514,2024-12-28T15:18:00Z,2024-12-28T15:14:00Z,M1.3,-4.8632,-2.3639,0.6021,-5.4556,1,30.61,-18.4,0,0.0,
202412282204,2024-12-28T22:14:00Z,2024-12-28T22:04:00Z,M1.2,-4.9077,-2.1501,1.0,-5.268,1,66.78,-2.36,0,0.0,
202412290228,2024-12-29T02:35:00Z,2024-12-29T02:28:00Z,M1.0,-4.9917,-2.2527,0.8451,-5.1398,1,58.62,15.35,0,0.0,
202412290238,2024-12-29T02:46:00Z,2024-12-29T02:38:00Z,M1.3,-4.8567,-2.0961,0.9031,-5.059,1,60.64,15.1,0,0.0,
202412290325,2024-12-29T03:30:00Z,2024-12-29T03:25:00Z,M1.3,-4.8663,-2.1847,0.699,-5.0189,1,53.7,12.58,0,0.0,
202412290356,2024-12-29T04:05:00Z,2024-12-29T03:56:00Z,M1.2,-4.9121,-2.0763,0.9542,-5.0663,1,53.12,11.98,0,0.0,
202412290418,2024-12-29T04:30:00Z,2024-12-29T04:18:00Z,M2.0,-4.6901,-1.8194,1.0792,-4.9821,1,-19.97,-10.97,0,0.0,
202412290512,2024-12-29T05:26:00Z,2024-12-29T05:12:00Z,M3.1,-4.496,-1.636,1.1461,-4.9699,1,45.26,-4.74,0,0.0,
202412290541,2024-12-29T05:47:00Z,2024-12-29T05:41:00Z,M3.5,-4.4542,-1.8396,0.7782,-4.8671,1,73.89,16.07,0,0.0,
202412290648,2024-12-29T06:59:00Z,2024-12-29T06:48:00Z,M3.0,-4.5097,-1.665,1.0414,-4.7812,1,46.42,13.53,0,0.0,
202412290708,2024-12-29T07:18:00Z,2024-12-29T07:08:00Z,X1.1,-3.958,-1.2437,1.0,-4.6136,1,39.73,12.11,0,0.0,
202412291026,2024-12-29T10:39:00Z,2024-12-29T10:26:00Z,M2.6,-4.5727,-1.6969,1.1139,-4.8776,1,32.24,-11.51,0,0.0,
202412291215,2024-12-29T12:24:00Z,2024-12-29T12:15:00Z,M1.6,-4.7718,-2.1238,0.9542,-5.206,1,40.57,13.13,0,0.0,
202412291250,2024-12-29T12:56:00Z,2024-12-29T12:50:00Z,M1.3,-4.8819,-2.2104,0.7782,-5.0778,1,37.65,12.24,0,0.0,
202412291502,2024-12-29T15:09:00Z,2024-12-29T15:02:00Z,M7.1,-4.1464,-1.5588,0.8451,-4.9354,1,42.08,11.86,0,0.0,
202412291656,2024-12-29T17:08:00Z,2024-12-29T16:56:00Z,M3.3,-4.4764,-1.767,1.0792,-5.2526,1,-21.49,-15.5,0,0.0,
202412291746,2024-12-29T17:52:00Z,2024-12-29T17:46:00Z,M1.2,-4.8916,-2.1528,0.7782,-5.0257,1,46.54,-13.21,0,0.0,
202412291758,2024-12-29T18:04:00Z,2024-12-29T17:58:00Z,M1.4,-4.8252,-2.1011,0.7782,-4.9236,1,5.44,-1.52,0,0.0,
202412291827,2024-12-29T18:41:00Z,2024-12-29T18:27:00Z,M3.3,-4.481,-1.6085,1.1461,-5.0022,1,44.16,13.19,0,0.0,
202412292031,2024-12-29T20:39:00Z,2024-12-29T20:31:00Z,M1.0,-4.9587,-2.2886,0.9031,-5.3597,1,40.68,10.21,0,0.0,
202412292142,2024-12-29T21:53:00Z,2024-12-29T21:42:00Z,M1.5,-4.8052,-2.0436,1.0414,-5.2523,1,40.0,10.48,0,0.0,
202412292157,2024-12-29T22:06:00Z,2024-12-29T21:57:00Z,M1.8,-4.722,-1.8909,0.9542,-4.8452,1,38.43,10.26,0,0.0,
202412292320,2024-12-29T23:30:00Z,2024-12-29T23:20:00Z,M1.9,-4.7177,-2.0244,1.0,-5.164,1,34.66,6.91,0,0.0,
202412300033,2024-12-30T00:47:00Z,2024-12-30T00:33:00Z,M1.7,-4.7624,-1.957,1.1461,-5.4156,1,-16.33,-15.75,0,0.0,
202412300250,2024-12-30T03:00:00Z,2024-12-30T02:50:00Z,M1.7,-4.7495,-2.0506,1.0,-5.3569,1,16.7,4.52,0,0.0,
202412300401,2024-12-30T04:14:00Z,2024-12-30T04:01:00Z,X1.5,-3.8017,-1.1808,1.1139,-5.4344,1,50.47,11.61,0,0.0,
202412300613,2024-12-30T06:25:00Z,2024-12-30T06:13:00Z,M3.5,-4.4531,-1.6786,1.0792,-5.0764,1,-8.22,-13.14,0,0.0,
202412300834,2024-12-30T08:40:00Z,2024-12-30T08:34:00Z,M1.4,-4.8369,-2.1913,0.7782,-5.2803,0,,,0,0.0,
202412300844,2024-12-30T08:50:00Z,2024-12-30T08:44:00Z,M1.7,-4.7601,-2.0348,0.7782,-4.8814,0,,,0,0.0,
202412301000,2024-12-30T10:11:00Z,2024-12-30T10:00:00Z,M1.7,-4.7557,-1.9787,1.0414,-5.1387,1,51.87,-10.6,0,0.0,
202412301434,2024-12-30T14:46:00Z,2024-12-30T14:34:00Z,M3.5,-4.4538,-1.7935,1.0792,-5.308,1,53.96,12.29,0,0.0,
202412301645,2024-12-30T16:54:00Z,2024-12-30T16:45:00Z,M5.0,-4.2994,-1.9448,0.9542,-5.4128,1,54.21,11.39,0,0.0,
202412301714,2024-12-30T17:30:00Z,2024-12-30T17:14:00Z,M1.2,-4.9196,-2.0318,1.2041,-5.3496,1,53.97,9.45,0,0.0,
202412301736,2024-12-30T17:42:00Z,2024-12-30T17:36:00Z,M1.6,-4.772,-2.0693,0.7782,-4.9679,1,57.36,10.55,0,0.0,
202412301814,2024-12-30T18:24:00Z,2024-12-30T18:14:00Z,M1.6,-4.7916,-2.0503,1.0,-5.1915,1,55.69,9.87,0,0.0,
202412301827,2024-12-30T18:33:00Z,2024-12-30T18:27:00Z,M1.7,-4.7553,-2.0017,0.7782,-4.8309,1,59.98,11.12,0,0.0,
202412310450,2024-12-31T05:00:00Z,2024-12-31T04:50:00Z,M1.0,-4.9953,-2.2778,1.0,-5.3951,1,61.18,-16.68,0,0.0,
202412312109,2024-12-31T21:51:00Z,2024-12-31T21:09:00Z,M2.0,-4.6814,-1.4829,1.6232,-5.4394,1,68.71,12.83,0,0.0,
202412312202,2024-12-31T22:19:00Z,2024-12-31T22:02:00Z,M2.7,-4.5599,-1.5098,1.2304,-4.7235,1,68.26,13.97,0,0.0,
202412312246,2024-12-31T22:50:00Z,2024-12-31T22:46:00Z,M2.9,-4.5359,-1.9416,0.6021,-4.7877,1,23.42,19.63,0,0.0,
202501010435,2025-01-01T04:45:00Z,2025-01-01T04:35:00Z,M1.1,-4.9485,-2.1468,1.0,-5.3607,1,71.63,12.91,0,0.0,
202501011512,2025-01-01T15:24:00Z,2025-01-01T15:12:00Z,M1.0,-4.9939,-2.2003,1.0792,-5.467,1,66.87,12.33,0,0.0,
202501011805,2025-01-01T18:17:00Z,2025-01-01T18:05:00Z,M1.2,-4.9037,-2.0379,1.0792,-5.204,0,,,0,0.0,
202501012132,2025-01-01T21:41:00Z,2025-01-01T21:32:00Z,M1.1,-4.9364,-2.1726,0.9542,-5.2159,0,,,0,0.0,
202501021718,2025-01-02T17:40:00Z,2025-01-02T17:18:00Z,M1.1,-4.9489,-1.9695,1.3424,-5.4552,1,35.69,-3.58,0,0.0,
202501031129,2025-01-03T11:39:00Z,2025-01-03T11:29:00Z,X1.2,-3.9199,-1.3069,1.0,-5.5496,1,-58.05,12.76,0,0.0,
202501032154,2025-01-03T22:12:00Z,2025-01-03T21:54:00Z,M2.3,-4.6274,-1.7748,1.2553,-5.4456,1,-53.8,10.94,0,0.0,
202501032232,2025-01-03T22:41:00Z,2025-01-03T22:32:00Z,X1.1,-3.9461,-1.3789,0.9542,-4.9337,1,-53.91,12.24,0,0.0,
202501032314,2025-01-03T23:24:00Z,2025-01-03T23:14:00Z,M1.9,-4.7141,-1.8456,1.0,-4.8868,1,-50.95,12.61,0,0.0,
202501032350,2025-01-03T23:56:00Z,2025-01-03T23:50:00Z,M5.8,-4.2295,-1.5883,0.7782,-4.9251,1,-51.67,11.93,0,0.0,
202501040034,2025-01-04T00:36:00Z,2025-01-04T00:34:00Z,M1.5,-4.7995,-2.3118,0.301,-5.0286,1,-52.13,10.78,0,0.0,
202501040458,2025-01-04T05:18:00Z,2025-01-04T04:58:00Z,M7.6,-4.1172,-1.4127,1.301,-5.5717,1,-47.7,12.21,0,0.0,
202501041234,2025-01-04T12:48:00Z,2025-01-04T12:34:00Z,X1.8,-3.7355,-1.0966,1.1461,-5.657,1,-46.92,12.62,0,0.0,
202501042308,2025-01-04T23:26:00Z,2025-01-04T23:08:00Z,M2.1,-4.6677,-1.84,1.2553,-5.442,1,-45.05,12.3,0,0.0,
202501050214,2025-01-05T02:39:00Z,2025-01-05T02:14:00Z,M4.1,-4.3816,-1.4598,1.3979,-5.5493,1,-41.96,12.44,0,0.0,
202501050704,2025-01-05T07:18:00Z,2025-01-05T07:04:00Z,M2.1,-4.6753,-1.8488,1.1461,-5.3834,1,-40.1,12.52,0,0.0,
202501050908,2025-01-05T09:36:00Z,2025-01-05T09:08:00Z,M4.1,-4.3858,-1.4715,1.4472,-5.476,1,-38.5,12.61,0,0.0,
202501051518,2025-01-05T15:37:00Z,2025-01-05T15:18:00Z,M2.4,-4.6055,-1.8984,1.2788,-5.7692,1,-37.28,11.98,0,0.0,
202501060129,2025-01-06T01:52:00Z,2025-01-06T01:29:00Z,M3.1,-4.5011,-1.8799,1.3617,-5.8432,1,-27.77,12.02,0,0.0,
202501060336,2025-01-06T03:50:00Z,2025-01-06T03:36:00Z,M1.4,-4.8398,-2.1611,1.1461,-5.8009,1,-28.33,11.46,0,0.0,
202501061612,2025-01-06T16:24:00Z,2025-01-06T16:12:00Z,M4.8,-4.3125,-1.7701,1.0792,-5.758,1,-23.58,11.56,0,0.0,
202501072235,2025-01-07T23:05:00Z,2025-01-07T22:35:00Z,M1.1,-4.9401,-1.8819,1.4771,-5.8192,0,,,0,0.0,
202501090018,2025-01-09T00:26:00Z,2025-01-09T00:18:00Z,M1.1,-4.9486,-2.4827,0.9031,-5.9887,1,9.28,11.11,0,0.0,
202501170201,2025-01-17T02:11:00Z,2025-01-17T02:01:00Z,M1.2,-4.8883,-2.1518,1.0,-5.2824,1,29.79,8.68,0,0.0,
202501170308,2025-01-17T03:20:00Z,2025-01-17T03:08:00Z,M1.1,-4.9383,-2.1407,1.0792,-5.3538,1,-47.68,-9.59,0,0.0,
202501170912,2025-01-17T09:19:00Z,2025-01-17T09:12:00Z,M2.0,-4.6909,-2.2997,0.8451,-5.6892,1,27.72,6.72,0,0.0,
202501171119,2025-01-17T11:37:00Z,2025-01-17T11:19:00Z,M1.5,-4.8095,-2.0288,1.2553,-5.551,1,28.42,6.42,0,0.0,
202501171324,2025-01-17T13:35:00Z,2025-01-17T13:24:00Z,M7.3,-4.1324,-1.662,1.0414,-5.4052,1,31.89,7.17,0,0.0,
202501171842,2025-01-17T18:50:00Z,2025-01-17T18:42:00Z,M2.0,-4.681,-2.0835,0.9031,-5.5352,1,30.81,5.62,0,0.0,
202501171944,2025-01-17T19:49:00Z,2025-01-17T19:44:00Z,M1.8,-4.7326,-2.1198,0.699,-5.0863,1,30.14,5.41,0,0.0,
202501172200,2025-01-17T22:05:00Z,2025-01-17T22:00:00Z,M1.0,-4.9682,-2.3861,0.699,-5.5136,1,35.19,5.75,0,0.0,
202501180044,2025-01-18T00:58:00Z,2025-01-18T00:44:00Z,M1.7,-4.7643,-2.0638,1.1461,-5.5321,1,32.14,4.63,0,0.0,
202501180300,2025-01-18T03:07:00Z,2025-01-18T03:00:00Z,M1.1,-4.9352,-2.2155,0.8451,-5.1332,1,49.5,9.01,0,0.0,
202501190328,2025-01-19T03:32:00Z,2025-01-19T03:28:00Z,M2.4,-4.6197,-2.3589,0.6021,-5.7657,1,53.09,7.12,0,0.0,
202501211008,2025-01-21T10:39:00Z,2025-01-21T10:08:00Z,M3.3,-4.4749,-1.4211,1.4914,-5.5823,1,-24.77,-16.91,0,0.0,
202501221045,2025-01-22T11:08:00Z,2025-01-22T10:45:00Z,M1.3,-4.8725,-1.8268,1.3617,-5.4979,1,11.56,-16.79,0,0.0,
202501242048,2025-01-24T21:04:00Z,2025-01-24T20:48:00Z,M2.7,-4.5674,-1.7748,1.2041,-5.4763,1,68.5,-5.21,0,0.0,
202501270752,2025-01-27T08:12:00Z,2025-01-27T07:52:00Z,M2.6,-4.5745,-1.6585,1.301,-5.5097,0,,,0,0.0,
202501281941,2025-01-28T19:45:00Z,2025-01-28T19:41:00Z,M1.6,-4.7725,-2.3398,0.6021,-5.592,1,-68.05,21.27,0,0.0,
202501310548,2025-01-31T06:10:00Z,2025-01-31T05:48:00Z,M1.0,-4.9668,-1.9442,1.3424,-5.3632,1,-40.95,11.68,0,0.0,
202501311340,2025-01-31T14:06:00Z,2025-01-31T13:40:00Z,M6.6,-4.1749,-1.211,1.415,-5.6814,1,-40.63,14.48,0,0.0,
202501312019,2025-01-31T20:23:00Z,2025-01-31T20:19:00Z,M1.8,-4.7406,-2.2792,0.6021,-5.6761,1,-24.02,19.64,0,0.0,
202502011313,2025-02-01T13:19:00Z,2025-02-01T13:13:00Z,M2.4,-4.6071,-2.1301,0.7782,-5.8459,1,-15.84,19.31,0,0.0,
202502021001,2025-02-02T10:12:00Z,2025-02-02T10:01:00Z,M3.0,-4.5208,-1.9716,1.0414,-5.7323,1,-30.58,6.85,0,0.0,
202502021241,2025-02-02T12:50:00Z,2025-02-02T12:41:00Z,M1.4,-4.8496,-2.168,0.9542,-5.438,1,-29.51,6.11,0,0.0,
202502021357,2025-02-02T14:04:00Z,2025-02-02T13:57:00Z,M5.0,-4.2928,-1.9217,0.8451,-5.4189,1,-2.22,19.92,0,0.0,
202502021508,2025-02-02T15:13:00Z,2025-02-02T15:08:00Z,M1.1,-4.9219,-2.4093,0.699,-5.2676,1,-9.89,13.91,0,0.0,
202502021521,2025-02-02T15:33:00Z,2025-02-02T15:21:00Z,M2.7,-4.5684,-1.7639,1.0792,-5.3447,1,-28.39,7.28,0,0.0,
202502022309,2025-02-02T23:24:00Z,2025-02-02T23:09:00Z,M4.1,-4.3845,-1.6309,1.1761,-5.3707,1,-23.66,7.1,0,0.0,
202502030334,2025-02-03T03:47:00Z,2025-02-03T03:34:00Z,M1.0,-4.9856,-2.108,1.1139,-5.3974,1,-23.85,5.57,0,0.0,
202502030352,2025-02-03T03:58:00Z,2025-02-03T03:52:00Z,M8.7,-4.0565,-1.4941,0.7782,-5.0994,1,-22.32,7.99,0,0.0,
202502030426,2025-02-03T04:32:00Z,2025-02-03T04:26:00Z,M1.0,-4.9617,-2.2585,0.7782,-5.1413,1,-8.5,3.32,0,0.0,
202502030537,2025-02-03T05:47:00Z,2025-02-03T05:37:00Z,M3.0,-4.5092,-1.8513,1.0,-5.2323,1,-22.34,7.83,0,0.0,
202502030732,2025-02-03T07:44:00Z,2025-02-03T07:32:00Z,M2.4,-4.6049,-1.8571,1.0792,-5.3683,1,-19.38,6.23,0,0.0,
202502030909,2025-02-03T09:13:00Z,2025-02-03T09:09:00Z,M1.4,-4.8488,-2.3413,0.6021,-5.234,1,-21.06,6.74,0,0.0,
202502031307,2025-02-03T13:18:00Z,2025-02-03T13:07:00Z,M6.1,-4.2145,-1.6301,1.0414,-5.3629,1,-14.31,6.47,0,0.0,
202502031825,2025-02-03T18:36:00Z,2025-02-03T18:25:00Z,M4.2,-4.3685,-1.8051,1.0414,-5.3527,1,-11.86,6.13,0,0.0,
202502032314,2025-02-03T23:28:00Z,2025-02-03T23:14:00Z,M1.4,-4.8531,-2.2009,1.1461,-5.5576,1,-12.7,7.45,0,0.0,
202502040043,2025-02-04T00:50:00Z,2025-02-04T00:43:00Z,M1.2,-4.8934,-2.2497,0.8451,-5.455,1,-9.75,5.38,0,0.0,
202502040135,2025-02-04T01:48:00Z,2025-02-04T01:35:00Z,M2.6,-4.5792,-1.8591,1.1139,-5.3284,1,-11.09,6.2,0,0.0,
202502040508,2025-02-04T05:18:00Z,2025-02-04T05:08:00Z,M1.2,-4.9069,-2.1842,1.0,-5.5169,1,15.54,16.5,0,0.0,
202502041109,2025-02-04T11:21:00Z,2025-02-04T11:09:00Z,M4.6,-4.3307,-1.9235,1.0792,-5.5111,1,-5.76,8.14,0,0.0,
202502041254,2025-02-04T13:13:00Z,2025-02-04T12:54:00Z,M3.2,-4.4869,-1.6782,1.2788,-5.3164,1,20.01,16.01,0,0.0,
202502050312,2025-02-05T03:15:00Z,2025-02-05T03:12:00Z,M1.2,-4.9135,-2.4809,0.4771,-5.569,1,2.45,7.62,0,0.0,
202502050744,2025-02-05T07:50:00Z,2025-02-05T07:44:00Z,M2.7,-4.5612,-2.0755,0.7782,-5.7933,1,33.43,16.81,0,0.0,
202502061047,2025-02-06T11:04:00Z,2025-02-06T10:47:00Z,M7.6,-4.1191,-1.4041,1.2304,-5.66,1,16.86,6.19,0,0.0,
202502062312,2025-02-06T23:27:00Z,2025-02-06T23:12:00Z,M2.2,-4.6392,-1.8346,1.1761,-5.6172,1,34.88,11.46,0,0.0,
202502070618,2025-02-07T06:30:00Z,2025-02-07T06:18:00Z,M1.5,-4.7966,-2.1148,1.0792,-5.7408,1,33.39,5.04,0,0.0,
202502070641,2025-02-07T06:46:00Z,2025-02-07T06:41:00Z,M1.0,-4.9601,-2.2434,0.699,-4.9948,1,32.23,3.3,0,0.0,
202502070712,2025-02-07T07:21:00Z,2025-02-07T07:12:00Z,M3.1,-4.4982,-1.8038,0.9542,-5.3518,1,25.77,5.91,0,0.0,
202502070859,2025-02-07T09:21:00Z,2025-02-07T08:59:00Z,M7.5,-4.1242,-1.2421,1.3424,-5.3385,1,37.25,9.87,0,0.0,
202502080857,2025-02-08T09:27:00Z,2025-02-08T08:57:00Z,M2.0,-4.6826,-1.6398,1.4771,-5.8602,1,40.76,4.83,0,0.0,
202502110522,2025-02-11T05:35:00Z,2025-02-11T05:22:00Z,M1.6,-4.7958,-1.9951,1.1139,-5.8355,0,,,0,0.0,
202502131105,2025-02-13T11:09:00Z,2025-02-13T11:05:00Z,M1.0,-4.9699,-2.6271,0.6021,-5.7084,1,20.18,-5.09,0,0.0,
202502140213,2025-02-14T02:28:00Z,2025-02-14T02:13:00Z,M1.2,-4.9118,-2.1511,1.1761,-5.7664,1,-73.15,-16.84,0,0.0,
202502140948,2025-02-14T10:06:00Z,2025-02-14T09:48:00Z,M1.2,-4.9012,-2.0474,1.2553,-5.8197,1,-22.21,-12.1,0,0.0,
202502142045,2025-02-14T20:57:00Z,2025-02-14T20:45:00Z,M1.8,-4.7268,-2.088,1.0792,-5.9389,1,-13.61,-10.71,0,0.0,
202502171507,2025-02-17T15:13:00Z,2025-02-17T15:07:00Z,M1.0,-4.9677,-2.3326,0.7782,-5.4426,1,78.97,-5.29,0,0.0,
202502211209,2025-02-21T12:15:00Z,2025-02-21T12:09:00Z,M3.3,-4.4758,-2.0738,0.7782,-5.3586,1,-14.75,18.51,0,0.0,
202502211431,2025-02-21T14:35:00Z,2025-02-21T14:31:00Z,M1.4,-4.853,-2.4203,0.6021,-5.4383,1,-15.18,17.84,0,0.0,
202502230200,2025-02-23T02:13:00Z,2025-02-23T02:00:00Z,M4.8,-4.3117,-1.6882,1.1139,-5.5863,0,,,0,0.0,
202502230954,2025-02-23T09:56:00Z,2025-02-23T09:54:00Z,M1.0,-4.9703,-2.5499,0.301,-5.4199,1,21.22,-11.03,0,0.0,
202502231147,2025-02-23T11:58:00Z,2025-02-23T11:47:00Z,M1.6,-4.7919,-2.0711,1.0414,-5.5436,1,70.51,22.84,0,0.0,
202502231618,2025-02-23T16:35:00Z,2025-02-23T16:18:00Z,M1.0,-4.9887,-2.0693,1.2304,-5.4655,1,23.12,-12.06,0,0.0,
202502231922,2025-02-23T19:27:00Z,2025-02-23T19:22:00Z,X1.9,-3.7045,-1.2347,0.699,-5.5104,0,,,0,0.0,
202502240133,2025-02-24T01:46:00Z,2025-02-24T01:33:00Z,M1.3,-4.8854,-2.0287,1.1139,-5.2678,1,37.76,11.48,0,0.0,
202502240653,2025-02-24T07:02:00Z,2025-02-24T06:53:00Z,M3.2,-4.4855,-1.9221,0.9542,-5.2529,1,21.39,13.46,0,0.0,
202502242051,2025-02-24T21:01:00Z,2025-02-24T20:51:00Z,M1.5,-4.8192,-2.1576,1.0,-5.4303,1,28.21,15.41,0,0.0,
202502242150,2025-02-24T23:02:00Z,2025-02-24T21:50:00Z,M3.8,-4.409,-0.9341,1.8573,-5.1818,0,,,1,37.0,1.3
202502250244,2025-02-25T02:47:00Z,2025-02-25T02:44:00Z,M1.3,-4.8658,-2.3133,0.4771,-5.1066,1,42.38,-8.82,0,0.0,
202502251120,2025-02-25T11:59:00Z,2025-02-25T11:20:00Z,M3.5,-4.4441,-1.2295,1.5911,-5.5425,1,55.18,-15.7,0,0.0,
202503051145,2025-03-05T11:50:00Z,2025-03-05T11:45:00Z,M1.7,-4.752,-2.3182,0.699,-5.9665,1,-42.24,-24.15,0,0.0,
202503072054,2025-03-07T21:00:00Z,2025-03-07T20:54:00Z,M1.6,-4.7944,-2.1753,0.7782,-5.8772,1,-9.83,-24.33,0,0.0,
202503111256,2025-03-11T13:04:00Z,2025-03-11T12:56:00Z,M1.0,-4.9605,-2.5796,0.9031,-5.8604,1,46.49,4.57,0,0.0,
202503142215,2025-03-14T22:21:00Z,2025-03-14T22:15:00Z,M1.1,-4.9368,-2.3946,0.7782,-5.7871,1,-75.19,-15.06,0,0.0,
202503171925,2025-03-17T19:33:00Z,2025-03-17T19:25:00Z,M1.0,-4.9997,-2.1635,0.9031,-5.0459,1,-44.45,25.62,0,0.0,
202503192021,2025-03-19T20:40:00Z,2025-03-19T20:21:00Z,M1.5,-4.8148,-2.1004,1.2788,-5.8221,1,29.35,11.94,0,0.0,
202503211534,2025-03-21T15:58:00Z,2025-03-21T15:34:00Z,M1.2,-4.9192,-1.9822,1.3802,-5.9557,1,31.45,-20.33,0,0.0,
202503270019,2025-03-27T00:36:00Z,2025-03-27T00:19:00Z,M2.0,-4.6911,-1.8388,1.2304,-5.8767,1,-44.25,13.87,0,0.0,
202503281457,2025-03-28T15:20:00Z,2025-03-28T14:57:00Z,X1.1,-3.9548,-1.1436,1.3617,-5.7381,1,-73.85,7.32,1,147.0,67.75
202503281754,2025-03-28T18:01:00Z,2025-03-28T17:54:00Z,M1.0,-4.9867,-2.2306,0.8451,-5.1556,1,-67.55,1.15,0,0.0,
202503281914,2025-03-28T19:26:00Z,2025-03-28T19:14:00Z,M1.1,-4.9351,-2.0895,1.0792,-5.4256,1,-83.93,-15.29,0,0.0,
202503282320,2025-03-28T23:39:00Z,2025-03-28T23:20:00Z,M1.7,-4.7498,-1.8704,1.2788,-5.629,1,-79.47,-14.51,0,0.0,
202503292119,2025-03-29T21:38:00Z,2025-03-29T21:19:00Z,M1.4,-4.8409,-1.919,1.2788,-5.4131,1,-29.15,-0.53,0,0.0,
202503292238,2025-03-29T23:00:00Z,2025-03-29T22:38:00Z,M1.8,-4.7223,-1.6791,1.3424,-5.1792,0,,,0,0.0,
202503300119,2025-03-30T01:48:00Z,2025-03-30T01:19:00Z,M1.5,-4.8143,-1.7468,1.4624,-5.5822,1,-80.57,-12.17,0,0.0,
202503301627,2025-03-30T16:42:00Z,2025-03-30T16:27:00Z,M1.5,-4.797,-2.0767,1.1761,-5.6436,1,-66.72,-12.91,0,0.0,
202503301700,2025-03-30T17:07:00Z,2025-03-30T17:00:00Z,M1.4,-4.8281,-2.0858,0.8451,-4.9988,1,-69.87,-13.69,0,0.0,
202503302243,2025-03-30T22:50:00Z,2025-03-30T22:43:00Z,M1.4,-4.8328,-2.1147,0.8451,-5.2634,1,-48.05,-12.63,0,0.0,
202503302310,2025-03-30T23:19:00Z,2025-03-30T23:10:00Z,M1.5,-4.8217,-2.0934,0.9542,-5.3454,1,-68.4,-13.48,0,0.0,
202503302341,2025-03-30T23:48:00Z,2025-03-30T23:41:00Z,M1.0,-4.9879,-2.2238,0.8451,-5.1467,1,-64.64,-13.16,0,0.0,
202503311016,2025-03-31T10:24:00Z,2025-03-31T10:16:00Z,M1.2,-4.9043,-2.2509,0.9031,-5.5482,1,-51.95,-14.46,0,0.0,
202504010637,2025-04-01T06:46:00Z,2025-04-01T06:37:00Z,M5.5,-4.2556,-1.632,0.9542,-5.3383,1,-28.08,4.88,0,0.0,
202504012218,2025-04-01T22:31:00Z,2025-04-01T22:18:00Z,M2.4,-4.6052,-1.8762,1.1139,-5.5465,1,-44.08,-17.71,0,0.0,
202504051954,2025-04-05T20:05:00Z,2025-04-05T19:54:00Z,M1.0,-4.98,-2.317,1.0414,-5.6361,1,13.65,-15.75,0,0.0,
202504082208,2025-04-08T22:22:00Z,2025-04-08T22:08:00Z,M1.5,-4.8091,-2.1065,1.1461,-5.8694,1,49.03,-15.25,0,0.0,
202504111640,2025-04-11T16:50:00Z,2025-04-11T16:40:00Z,M1.0,-4.9721,-2.1179,1.0,-5.1926,1,48.11,7.85,0,0.0,
202504112208,2025-04-11T22:20:00Z,2025-04-11T22:08:00Z,M1.0,-4.9844,-2.1343,1.0792,-5.4477,1,50.67,5.96,0,0.0,
202504120441,2025-04-12T04:45:00Z,2025-04-12T04:41:00Z,M1.1,-4.9318,-2.4397,0.6021,-5.455,1,52.57,7.49,0,0.0,
202504120536,2025-04-12T05:49:00Z,2025-04-12T05:36:00Z,M1.2,-4.9008,-2.0985,1.1139,-5.3233,1,56.06,7.18,0,0.0,
202504120711,2025-04-12T07:19:00Z,2025-04-12T07:11:00Z,M1.0,-4.9935,-2.3674,0.9031,-5.4743,1,55.18,6.58,0,0.0,
202504121105,2025-04-12T11:17:00Z,2025-04-12T11:05:00Z,M2.0,-4.6888,-1.9566,1.0792,-5.3321,1,58.44,8.15,0,0.0,
202504121135,2025-04-12T11:43:00Z,2025-04-12T11:35:00Z,M2.6,-4.5739,-1.927,0.9031,-4.9255,1,59.66,6.18,0,0.0,
202504121233,2025-04-12T12:40:00Z,2025-04-12T12:33:00Z,M2.3,-4.635,-1.9526,0.8451,-5.0857,1,59.41,9.19,0,0.0,
202504121500,2025-04-12T15:12:00Z,2025-04-12T15:00:00Z,M1.3,-4.8744,-2.1253,1.0792,-5.349,1,62.46,6.67,0,0.0,
202504130121,2025-04-13T01:29:00Z,2025-04-13T01:21:00Z,M1.0,-4.9642,-2.1656,0.9031,-5.1643,1,66.14,9.21,0,0.0,
202504130401,2025-04-13T04:05:00Z,2025-04-13T04:01:00Z,M1.1,-4.9545,-2.3608,0.6021,-5.1776,1,70.09,7.99,0,0.0,
202504130425,2025-04-13T04:28:00Z,2025-04-13T04:25:00Z,M1.1,-4.9553,-2.3753,0.4771,-5.0504,1,67.45,6.75,0,0.0,
202504130448,2025-04-13T04:52:00Z,2025-04-13T04:48:00Z,M2.2,-4.6427,-2.1811,0.6021,-5.1504,1,68.45,8.53,0,0.0,
202504130638,2025-04-13T06:52:00Z,2025-04-13T06:38:00Z,M1.0,-4.9958,-2.1122,1.1461,-5.375,1,73.28,8.8,0,0.0,
202504130943,2025-04-13T09:55:00Z,2025-04-13T09:43:00Z,M1.3,-4.8576,-2.0439,1.0792,-5.4649,1,75.58,7.23,0,0.0,
202504131003,2025-04-13T10:07:00Z,2025-04-13T10:03:00Z,M1.2,-4.8951,-2.2428,0.6021,-4.9477,1,71.98,5.26,0,0.0,
202504131528,2025-04-13T15:42:00Z,2025-04-13T15:28:00Z,M1.2,-4.8941,-1.983,1.1461,-5.2514,1,63.79,5.22,0,0.0,
202504131838,2025-04-13T18:51:00Z,2025-04-13T18:38:00Z,M3.1,-4.496,-1.7942,1.1139,-5.1922,1,82.03,5.47,0,0.0,
202504132155,2025-04-13T22:02:00Z,2025-04-13T21:55:00Z,M1.6,-4.7848,-2.1767,0.8451,-5.3717,1,82.92,9.91,0,0.0,
202504140600,2025-04-14T06:05:00Z,2025-04-14T06:00:00Z,M1.4,-4.8342,-2.2103,0.699,-5.2484,0,,,0,0.0,
202504140636,2025-04-14T06:50:00Z,2025-04-14T06:36:00Z,M4.2,-4.3764,-1.6769,1.1461,-5.4122,0,,,0,0.0,
202504151004,2025-04-15T10:20:00Z,2025-04-15T10:04:00Z,M1.4,-4.8269,-2.0615,1.2041,-5.5897,1,47.56,5.33,0,0.0,
202504151757,2025-04-15T18:13:00Z,2025-04-15T17:57:00Z,M1.2,-4.89,-1.9638,1.2041,-5.3355,0,,,0,0.0,
202504182309,2025-04-18T23:50:00Z,2025-04-18T23:09:00Z,M4.3,-4.3584,-1.3665,1.6128,-5.8978,1,-70.28,-23.66,0,0.0,
202504201137,2025-04-20T12:11:00Z,2025-04-20T11:37:00Z,M1.0,-4.9985,-1.8331,1.5315,-5.7852,0,,,0,0.0,
202504211825,2025-04-21T18:37:00Z,2025-04-21T18:25:00Z,M1.9,-4.7084,-2.1371,1.0792,-5.8876,1,13.64,-0.3,0,0.0,
202504290510,2025-04-29T05:13:00Z,2025-04-29T05:10:00Z,M1.7,-4.7648,-2.3532,0.4771,-5.7466,1,-65.42,11.86,0,0.0,
202504290945,2025-04-29T10:03:00Z,2025-04-29T09:45:00Z,M1.2,-4.8887,-2.0105,1.2553,-5.9233,1,50.22,10.78,0,0.0,
202504291049,2025-04-29T10:57:00Z,2025-04-29T10:49:00Z,M1.6,-4.7883,-2.1883,0.9031,-5.6758,1,51.11,14.77,0,0.0,
202504300741,2025-04-30T07:51:00Z,2025-04-30T07:41:00Z,M1.9,-4.7017,-2.1684,1.0,-5.8511,1,-58.13,12.59,0,0.0,
202505112355,2025-05-12T00:01:00Z,2025-05-11T23:55:00Z,M1.9,-4.7124,-2.1748,0.7782,-5.8882,0,,,0,0.0,
202505131525,2025-05-13T15:38:00Z,2025-05-13T15:25:00Z,X1.1,-3.932,-1.3683,1.1139,-6.1122,0,,,0,0.0,
202505140305,2025-05-14T03:25:00Z,2025-05-14T03:05:00Z,M5.2,-4.2831,-1.5033,1.301,-5.8557,1,-63.98,19.1,0,0.0,
202505140736,2025-05-14T07:45:00Z,2025-05-14T07:36:00Z,M1.1,-4.925,-2.1811,0.9542,-5.5041,1,-77.17,16.02,0,0.0,
202505140804,2025-05-14T08:19:00Z,2025-05-14T08:04:00Z,X2.4,-3.6162,-1.0764,1.1761,-5.4838,1,-59.44,19.87,0,0.0,
202505141104,2025-05-14T11:19:00Z,2025-05-14T11:04:00Z,M7.5,-4.121,-1.4058,1.1761,-5.6125,1,-59.61,20.19,0,0.0,
202505141759,2025-05-14T18:11:00Z,2025-05-14T17:59:00Z,M4.6,-4.3365,-1.6577,1.0792,-5.7577,1,-56.88,19.47,0,0.0,
202505151711,2025-05-15T17:21:00Z,2025-05-15T17:11:00Z,M2.1,-4.6771,-2.0048,1.0,-6.0946,1,-46.53,18.27,0,0.0,
202505190813,2025-05-19T08:21:00Z,2025-05-19T08:13:00Z,M3.1,-4.4957,-2.118,0.9031,-6.2391,1,-74.71,20.83,0,0.0,
202505210001,2025-05-21T00:08:00Z,2025-05-21T00:01:00Z,M1.2,-4.903,-2.4446,0.8451,-5.8113,1,22.09,17.13,0,0.0,
202505242014,2025-05-24T20:23:00Z,2025-05-24T20:14:00Z,M2.1,-4.6582,-2.1445,0.9542,-5.891,1,42.59,-3.76,0,0.0,
202505250140,2025-05-25T01:52:00Z,2025-05-25T01:40:00Z,X1.1,-3.9555,-1.4337,1.0792,-5.8786,1,47.02,-2.8,0,0.0,
202505250628,2025-05-25T06:35:00Z,2025-05-25T06:28:00Z,M1.7,-4.7669,-2.4176,0.8451,-5.9977,1,48.03,-4.02,0,0.0,
202505251005,2025-05-25T10:18:00Z,2025-05-25T10:05:00Z,M3.4,-4.4634,-1.792,1.1139,-5.8054,1,48.94,-4.29,0,0.0,
202505251618,2025-05-25T16:30:00Z,2025-05-25T16:18:00Z,M8.9,-4.0464,-1.6314,1.0792,-5.7964,1,55.48,-3.41,0,0.0,
202505261250,2025-05-26T13:06:00Z,2025-05-26T12:50:00Z,M2.9,-4.524,-1.895,1.2041,-6.0412,1,65.26,-5.29,0,0.0,
202505261327,2025-05-26T13:37:00Z,2025-05-26T13:27:00Z,M1.4,-4.8376,-1.9908,1.0,-5.0692,0,,,0,0.0,
202505300556,2025-05-30T06:13:00Z,2025-05-30T05:56:00Z,M3.4,-4.4596,-1.7145,1.2304,-5.9841,1,-20.29,6.76,0,0.0,
202505301821,2025-05-30T18:39:00Z,2025-05-30T18:21:00Z,M1.6,-4.7791,-1.831,1.2553,-5.3855,1,-46.01,5.91,0,0.0,
202505302331,2025-05-31T00:05:00Z,2025-05-30T23:31:00Z,M8.1,-4.0864,-1.0764,1.5315,-5.8447,1,-11.72,13.79,1,666.0,17.08
202505310512,2025-05-31T05:18:00Z,2025-05-31T05:12:00Z,M2.4,-4.6129,-2.1409,0.7782,-5.2896,1,-4.24,10.52,0,0.0,
202505310808,2025-05-31T08:18:00Z,2025-05-31T08:08:00Z,M4.5,-4.344,-1.8895,1.0,-5.5161,1,-1.85,11.17,0,0.0,
202505311536,2025-05-31T15:49:00Z,2025-05-31T15:36:00Z,M2.9,-4.5243,-1.8264,1.1139,-5.9277,1,-3.23,6.24,0,0.0,
202506021059,2025-06-02T11:18:00Z,2025-06-02T10:59:00Z,M3.3,-4.4803,-1.6713,1.2788,-5.8042,1,19.17,13.21,0,0.0,
202506022135,2025-06-02T21:42:00Z,2025-06-02T21:35:00Z,M1.1,-4.9222,-2.2167,0.8451,-5.3466,1,40.11,11.68,0,0.0,
202506031248,2025-06-03T13:03:00Z,2025-06-03T12:48:00Z,M1.4,-4.8302,-2.0461,1.1761,-6.051,1,-79.14,-12.64,0,0.0,
202506042306,2025-06-04T23:28:00Z,2025-06-04T23:06:00Z,M1.1,-4.9523,-2.055,1.3424,-5.7846,1,51.46,13.71,0,0.0,
202506132049,2025-06-13T21:10:00Z,2025-06-13T20:49:00Z,M1.2,-4.895,-2.0439,1.3222,-5.8752,1,59.43,-15.92,0,0.0,
202506141752,2025-06-14T18:04:00Z,2025-06-14T17:52:00Z,M1.0,-4.9986,-2.3191,1.0792,-5.7551,1,71.19,-15.92,0,0.0,
202506142251,2025-06-14T23:01:00Z,2025-06-14T22:51:00Z,M6.8,-4.1674,-1.5289,1.0,-5.5525,1,79.28,-14.47,0,0.0,
202506150745,2025-06-15T07:56:00Z,2025-06-15T07:45:00Z,M2.2,-4.6437,-1.9581,1.0414,-5.7077,1,69.24,-14.69,0,0.0,
202506151032,2025-06-15T10:47:00Z,2025-06-15T10:32:00Z,M1.9,-4.7101,-2.012,1.1761,-5.7516,1,78.6,-16.12,0,0.0,
202506151745,2025-06-15T18:07:00Z,2025-06-15T17:45:00Z,M8.4,-4.0725,-1.2217,1.3424,-5.4952,1,-13.26,18.88,0,0.0,
202506152343,2025-06-15T23:57:00Z,2025-06-15T23:43:00Z,M1.2,-4.8985,-2.072,1.1461,-5.3916,0,,,0,0.0,
202506160408,2025-06-16T04:23:00Z,2025-06-16T04:08:00Z,M1.8,-4.7333,-1.9062,1.1761,-5.4675,1,-11.89,19.54,0,0.0,
202506160917,2025-06-16T09:38:00Z,2025-06-16T09:17:00Z,M6.3,-4.1941,-1.4679,1.3222,-5.6058,1,-5.58,18.16,0,0.0,
202506161127,2025-06-16T11:39:00Z,2025-06-16T11:27:00Z,M1.4,-4.8504,-2.0318,1.0792,-5.2194,0,,,0,0.0,
202506161443,2025-06-16T14:55:00Z,2025-06-16T14:43:00Z,M1.1,-4.9274,-2.1392,1.0792,-5.6115,0,,,0,0.0,
202506172138,2025-06-17T21:49:00Z,2025-06-17T21:38:00Z,X1.2,-3.9013,-1.3992,1.0414,-5.5452,1,11.95,18.93,0,0.0,
202506172345,2025-06-18T00:00:00Z,2025-06-17T23:45:00Z,M1.5,-4.823,-1.9929,1.1761,-5.4512,1,-71.67,-10.9,0,0.0,
202506192337,2025-06-19T23:50:00Z,2025-06-19T23:37:00Z,X1.8,-3.7224,-1.2337,1.1139,-5.8131,1,40.9,19.78,0,0.0,
202506201721,2025-06-20T17:40:00Z,2025-06-20T17:21:00Z,M1.0,-4.9666,-2.1342,1.2788,-6.1508,1,-46.99,-12.54,0,0.0,
202507080342,2025-07-08T04:17:00Z,2025-07-08T03:42:00Z,M2.4,-4.6048,-1.5658,1.5441,-5.9375,0,,,0,0.0,
202507090410,2025-07-09T04:25:00Z,2025-07-09T04:10:00Z,M1.3,-4.8722,-2.1779,1.1761,-6.1131,1,-72.74,21.54,0,0.0,
202507120353,2025-07-12T04:02:00Z,2025-07-12T03:53:00Z,M1.4,-4.8436,-2.2491,0.9542,-5.6435,1,-63.3,-10.47,0,0.0,
202507120829,2025-07-12T08:34:00Z,2025-07-12T08:29:00Z,M2.3,-4.6341,-2.1165,0.699,-5.5533,1,-63.61,-11.36,0,0.0,
202507121154,2025-07-12T12:10:00Z,2025-07-12T11:54:00Z,M1.6,-4.786,-1.9996,1.2041,-5.7504,1,-62.28,-11.52,0,0.0,
202508031350,2025-08-03T13:57:00Z,2025-08-03T13:50:00Z,M2.9,-4.5302,-2.0325,0.8451,-5.5851,1,-20.35,5.09,0,0.0,
202508040452,2025-08-04T04:57:00Z,2025-08-04T04:52:00Z,M2.0,-4.6855,-2.1191,0.699,-5.6184,1,-13.64,5.84,0,0.0,
202508040505,2025-08-04T05:15:00Z,2025-08-04T05:05:00Z,M1.4,-4.8439,-1.9447,1.0,-4.9266,1,-15.13,4.66,0,0.0,
202508050200,2025-08-05T02:12:00Z,2025-08-05T02:00:00Z,M1.1,-4.9357,-2.2806,1.0792,-5.8585,1,-1.81,5.22,0,0.0,
202508051546,2025-08-05T15:53:00Z,2025-08-05T15:46:00Z,M4.4,-4.3548,-1.8341,0.8451,-5.8003,1,8.39,5.13,0,0.0,
202508061656,2025-08-06T17:02:00Z,2025-08-06T16:56:00Z,M1.0,-4.9728,-2.4216,0.7782,-5.4953,1,13.38,4.46,0,0.0,
202508070225,2025-08-07T02:32:00Z,2025-08-07T02:25:00Z,M2.2,-4.6533,-2.0024,0.8451,-5.26,1,30.25,4.44,0,0.0,
202508071040,2025-08-07T11:31:00Z,2025-08-07T10:40:00Z,M3.9,-4.4054,-1.2534,1.7076,-5.4671,1,33.47,4.12,0,0.0,
202508080329,2025-08-08T03:53:00Z,2025-08-08T03:29:00Z,M2.8,-4.5429,-1.8008,1.3802,-5.8281,1,45.06,4.85,0,0.0,
202508081856,2025-08-08T19:10:00Z,2025-08-08T18:56:00Z,M1.0,-4.9927,-2.1253,1.1461,-5.4116,1,51.66,-1.0,0,0.0,
202508091610,2025-08-09T16:21:00Z,2025-08-09T16:10:00Z,M1.6,-4.7955,-2.062,1.0414,-5.4886,1,69.63,3.75,0,0.0,
202508091633,2025-08-09T16:40:00Z,2025-08-09T16:33:00Z,M1.7,-4.7652,-2.0714,0.8451,-5.1248,1,70.06,3.65,0,0.0,
202508100246,2025-08-10T03:12:00Z,2025-08-10T02:46:00Z,M1.7,-4.7622,-1.8354,1.415,-5.7054,1,68.53,4.35,0,0.0,
202508101457,2025-08-10T15:07:00Z,2025-08-10T14:57:00Z,M2.2,-4.6463,-2.1503,1.0,-5.4829,1,87.75,3.32,0,0.0,
202508102251,2025-08-10T23:04:00Z,2025-08-10T22:51:00Z,M1.7,-4.7487,-2.0269,1.1139,-5.4747,0,,,0,0.0,
202508110342,2025-08-11T03:52:00Z,2025-08-11T03:42:00Z,M1.3,-4.8669,-2.135,1.0,-5.3985,0,,,0,0.0,
202508111420,2025-08-11T14:35:00Z,2025-08-11T14:20:00Z,M1.5,-4.8217,-1.9574,1.1761,-5.5457,0,,,0,0.0,
202508111518,2025-08-11T15:36:00Z,2025-08-11T15:18:00Z,M1.6,-4.779,-1.8122,1.2553,-5.2792,0,,,0,0.0,
202508112212,2025-08-11T22:18:00Z,2025-08-11T22:12:00Z,M1.0,-4.9989,-2.2315,0.7782,-5.023,1,78.55,5.76,0,0.0,
202508120042,2025-08-12T00:59:00Z,2025-08-12T00:42:00Z,M1.5,-4.8223,-1.9055,1.2304,-5.5026,0,,,0,0.0,
202508120118,2025-08-12T01:23:00Z,2025-08-12T01:18:00Z,M1.8,-4.7376,-2.0779,0.699,-4.9271,0,,,0,0.0,
202508190351,2025-08-19T04:39:00Z,2025-08-19T03:51:00Z,M1.1,-4.9454,-1.7755,1.6812,-5.9362,0,,,0,0.0,
202508221756,2025-08-22T18:51:00Z,2025-08-22T17:56:00Z,M1.7,-4.7576,-1.5033,1.7404,-5.772,0,,,0,0.0,
202508221855,2025-08-22T18:59:00Z,2025-08-22T18:55:00Z,M1.7,-4.7467,-2.0705,0.6021,-4.7593,0,,,0,0.0,
202508231953,2025-08-23T20:06:00Z,2025-08-23T19:53:00Z,M1.9,-4.7057,-1.9065,1.1139,-5.3258,0,,,0,0.0,
202508240826,2025-08-24T08:36:00Z,2025-08-24T08:26:00Z,M1.3,-4.8745,-2.1368,1.0,-5.3856,1,-78.97,7.5,0,0.0,
202508250501,2025-08-25T05:24:00Z,2025-08-25T05:01:00Z,M4.5,-4.341,-1.4972,1.3617,-5.4455,1,-77.88,7.03,0,0.0,
202508250904,2025-08-25T09:07:00Z,2025-08-25T09:04:00Z,M1.0,-4.9828,-2.464,0.4771,-5.1553,1,-70.6,-7.03,0,0.0,
202508251506,2025-08-25T15:18:00Z,2025-08-25T15:06:00Z,M1.2,-4.8979,-2.0441,1.0792,-5.4195,1,-80.13,5.28,0,0.0,
202508251530,2025-08-25T15:38:00Z,2025-08-25T15:30:00Z,M1.1,-4.9461,-2.1498,0.9031,-5.0858,1,-76.11,6.1,0,0.0,
202508260022,2025-08-26T00:30:00Z,2025-08-26T00:22:00Z,M3.3,-4.4746,-1.8809,0.9031,-5.1911,1,-74.1,1.35,0,0.0,
202508260509,2025-08-26T05:25:00Z,2025-08-26T05:09:00Z,M4.5,-4.3444,-1.5935,1.2041,-5.5601,1,-49.79,-19.43,0,0.0,
202508261339,2025-08-26T14:07:00Z,2025-08-26T13:39:00Z,M1.0,-4.9903,-1.806,1.4472,-5.359,0,,,0,0.0,
202508281411,2025-08-28T14:16:00Z,2025-08-28T14:11:00Z,M1.1,-4.9428,-2.2695,0.699,-5.1397,1,-23.17,-18.45,0,0.0,
202508281700,2025-08-28T17:11:00Z,2025-08-28T17:00:00Z,M1.2,-4.892,-2.1958,1.0414,-5.4495,1,79.33,11.19,0,0.0,
202508281848,2025-08-28T19:03:00Z,2025-08-28T18:48:00Z,M1.0,-4.9923,-2.1791,1.1761,-5.5511,1,52.73,9.95,0,0.0,
202508282030,2025-08-28T20:40:00Z,2025-08-28T20:30:00Z,M1.5,-4.8131,-2.1152,1.0,-5.2346,1,52.1,10.76,0,0.0,
202508290409,2025-08-29T04:16:00Z,2025-08-29T04:09:00Z,M1.0,-4.9662,-2.4495,0.8451,-5.4774,1,76.24,9.01,0,0.0,
202508301400,2025-08-30T14:09:00Z,2025-08-30T14:00:00Z,M1.3,-4.8858,-2.3146,0.9542,-5.5834,1,7.73,-17.91,0,0.0,
202508301551,2025-08-30T15:59:00Z,2025-08-30T15:51:00Z,M1.2,-4.8905,-2.1827,0.9031,-5.5017,1,6.04,-16.35,0,0.0,
202508301911,2025-08-30T20:02:00Z,2025-08-30T19:11:00Z,M2.7,-4.5589,-1.315,1.7076,-5.5704,1,-11.85,3.31,0,0.0,
202509041336,2025-09-04T13:44:00Z,2025-09-04T13:36:00Z,M1.0,-4.9796,-2.3565,0.9031,-5.6578,1,-10.11,27.94,0,0.0,
202509050108,2025-09-05T01:16:00Z,2025-09-05T01:08:00Z,M1.4,-4.8478,-2.2188,0.9031,-5.7742,1,0.4,27.89,0,0.0,
202509062207,2025-09-06T22:15:00Z,2025-09-06T22:07:00Z,M1.2,-4.9129,-2.4179,0.9031,-5.4513,1,18.67,26.44,0,0.0,
202509192122,2025-09-19T21:41:00Z,2025-09-19T21:22:00Z,M1.5,-4.8134,-1.8912,1.2788,-5.5155,1,23.98,8.15,0,0.0,
202509231024,2025-09-23T10:34:00Z,2025-09-23T10:24:00Z,M1.0,-4.9635,-2.4423,1.0,-5.8749,1,39.84,-12.02,0,0.0,
202509241857,2025-09-24T19:13:00Z,2025-09-24T18:57:00Z,M1.6,-4.7848,-1.9805,1.2041,-5.6728,1,44.09,-10.92,0,0.0,
202509261949,2025-09-26T20:01:00Z,2025-09-26T19:49:00Z,M1.6,-4.7812,-2.1317,1.0792,-5.6882,1,-57.56,16.44,0,0.0,
202509270329,2025-09-27T03:59:00Z,2025-09-27T03:29:00Z,M1.0,-4.9856,-1.8596,1.4771,-5.7161,1,6.27,-14.37,0,0.0,
202509270418,2025-09-27T04:23:00Z,2025-09-27T04:18:00Z,M1.1,-4.9473,-2.2624,0.699,-5.0746,1,-18.25,-0.98,0,0.0,
202509270703,2025-09-27T07:14:00Z,2025-09-27T07:03:00Z,M1.1,-4.9459,-2.2643,1.0414,-5.5319,0,,,0,0.0,
202509290137,2025-09-29T01:45:00Z,2025-09-29T01:37:00Z,M3.6,-4.4358,-2.1073,0.9031,-5.8419,1,-42.48,5.91,0,0.0,
202509291106,2025-09-29T11:15:00Z,2025-09-29T11:06:00Z,M1.0,-4.9762,-2.3958,0.9542,-5.5956,1,-41.58,6.24,0,0.0,
202509291123,2025-09-29T11:39:00Z,2025-09-29T11:23:00Z,M1.1,-4.9467,-2.0221,1.2041,-5.3743,1,-34.9,11.8,0,0.0,
202509291156,2025-09-29T11:59:00Z,2025-09-29T11:56:00Z,M1.0,-4.9817,-2.4676,0.4771,-5.2091,1,-40.4,19.07,0,0.0,
202509301202,2025-09-30T12:27:00Z,2025-09-30T12:02:00Z,M1.7,-4.7451,-1.746,1.3979,-5.4557,1,32.13,-9.75,0,0.0,
202510010215,2025-10-01T02:26:00Z,2025-10-01T02:15:00Z,M1.2,-4.9069,-2.0884,1.0414,-5.4626,1,-24.12,7.69,0,0.0,
202510011636,2025-10-01T16:50:00Z,2025-10-01T16:36:00Z,M1.2,-4.9083,-2.1764,1.1461,-5.7916,1,-13.3,6.28,0,0.0,
202510020200,2025-10-02T02:09:00Z,2025-10-02T02:00:00Z,M1.1,-4.9215,-2.4531,0.9542,-5.8067,1,80.24,-8.35,0,0.0,
202510030500,2025-10-03T05:23:00Z,2025-10-03T05:00:00Z,M1.5,-4.8181,-1.8268,1.3617,-5.7348,1,11.96,13.22,0,0.0,
202510031419,2025-10-03T14:36:00Z,2025-10-03T14:19:00Z,M1.2,-4.9067,-2.0283,1.2304,-5.6235,1,85.24,-15.75,0,0.0,
202510091211,2025-10-09T12:31:00Z,2025-10-09T12:11:00Z,M2.0,-4.695,-1.9068,1.301,-6.1236,0,,,0,0.0,
202510130459,2025-10-13T05:26:00Z,2025-10-13T04:59:00Z,M1.9,-4.7171,-1.7046,1.4314,-5.7419,1,17.28,22.36,0,0.0,
202510131304,2025-10-13T13:18:00Z,2025-10-13T13:04:00Z,M1.2,-4.8878,-2.0066,1.1461,-5.4998,1,24.1,24.63,0,0.0,
202510140035,2025-10-14T00:41:00Z,2025-10-14T00:35:00Z,M2.0,-4.6917,-2.2332,0.7782,-5.8886,1,27.39,23.1,0,0.0,
202510141238,2025-10-14T12:47:00Z,2025-10-14T12:38:00Z,M1.9,-4.6991,-2.1758,0.9542,-5.8092,1,7.13,6.77,0,0.0,
202510142028,2025-10-14T20:36:00Z,2025-10-14T20:28:00Z,M3.1,-4.4977,-1.9212,0.9031,-5.4147,1,43.36,22.99,0,0.0,
202510150349,2025-10-15T04:15:00Z,2025-10-15T03:49:00Z,M4.8,-4.3159,-1.3338,1.415,-5.2471,1,44.14,22.86,0,0.0,
202510150705,2025-10-15T07:18:00Z,2025-10-15T07:05:00Z,M3.7,-4.4274,-1.7864,1.1139,-5.6161,1,49.14,22.25,0,0.0,
202510151401,2025-10-15T14:10:00Z,2025-10-15T14:01:00Z,M1.1,-4.9264,-2.2842,0.9542,-5.7206,1,53.21,20.85,0,0.0,
202510152155,2025-10-15T22:28:00Z,2025-10-15T21:55:00Z,M2.7,-4.564,-1.3909,1.5185,-5.2346,1,55.45,23.89,0,0.0,
202510152337,2025-10-15T23:45:00Z,2025-10-15T23:37:00Z,M2.4,-4.6154,-1.8819,0.9031,-4.9732,1,56.49,22.01,0,0.0,
202510160017,2025-10-16T00:21:00Z,2025-10-16T00:17:00Z,M1.1,-4.9392,-2.3247,0.6021,-5.0932,1,64.64,23.48,0,0.0,
202510161353,2025-10-16T14:08:00Z,2025-10-16T13:53:00Z,M1.3,-4.8776,-2.025,1.1761,-5.4325,1,64.24,20.46,0,0.0,
202510161900,2025-10-16T19:16:00Z,2025-10-16T19:00:00Z,M1.1,-4.9289,-2.0734,1.2041,-5.5738,1,68.17,22.88,0,0.0,
202510162312,2025-10-16T23:19:00Z,2025-10-16T23:12:00Z,M1.0,-4.9639,-2.2995,0.8451,-5.4733,1,70.48,22.32,0,0.0,
202510170115,2025-10-17T01:28:00Z,2025-10-17T01:15:00Z,M1.5,-4.8223,-2.1306,1.1139,-5.542,1,62.3,22.32,0,0.0,
202510171227,2025-10-17T12:45:00Z,2025-10-17T12:27:00Z,M1.1,-4.9308,-1.9929,1.2553,-5.4093,1,69.71,22.55,0,0.0,
202510171422,2025-10-17T14:32:00Z,2025-10-17T14:22:00Z,M1.0,-4.9742,-2.2703,1.0,-5.5356,1,78.82,22.16,0,0.0,
202510171614,2025-10-17T16:32:00Z,2025-10-17T16:14:00Z,M1.3,-4.8632,-1.8934,1.2553,-5.3564,1,79.36,22.27,0,0.0,
202510171647,2025-10-17T16:58:00Z,2025-10-17T16:47:00Z,M1.2,-4.8957,-1.9871,1.0414,-5.0222,1,27.92,14.84,0,0.0,
202510171855,2025-10-17T19:05:00Z,2025-10-17T18:55:00Z,M1.1,-4.9441,-2.0916,1.0,-5.2721,0,,,0,0.0,
202510180023,2025-10-18T00:40:00Z,2025-10-18T00:23:00Z,M1.0,-4.9609,-2.04,1.2304,-5.5193,1,60.72,21.91,0,0.0,
202510180226,2025-10-18T02:39:00Z,2025-10-18T02:26:00Z,M1.1,-4.9307,-1.9832,1.1139,-5.0826,0,,,0,0.0,
202510180632,2025-10-18T06:39:00Z,2025-10-18T06:32:00Z,M1.2,-4.8945,-2.2152,0.8451,-5.2691,1,83.71,20.61,0,0.0,
202510180649,2025-10-18T06:58:00Z,2025-10-18T06:49:00Z,M1.3,-4.8789,-2.0713,0.9542,-5.1371,0,,,0,0.0,
202510181037,2025-10-18T10:51:00Z,2025-10-18T10:37:00Z,M1.5,-4.8181,-1.9857,1.1461,-5.3653,0,,,0,0.0,
202510190146,2025-10-19T01:56:00Z,2025-10-19T01:46:00Z,M1.0,-4.9967,-2.2399,1.0,-5.3526,0,,,0,0.0,
202510192003,2025-10-19T20:15:00Z,2025-10-19T20:03:00Z,M1.8,-4.7423,-2.0396,1.0792,-5.7187,0,,,0,0.0,
202510200510,2025-10-20T05:27:00Z,2025-10-20T05:10:00Z,M1.0,-4.9617,-2.051,1.2304,-5.5119,0,,,0,0.0,
202511020013,2025-11-02T00:26:00Z,2025-11-02T00:13:00Z,M1.0,-4.968,-2.2226,1.1139,-5.8685,1,-81.36,4.76,0,0.0,
202511030840,2025-11-03T09:25:00Z,2025-11-03T08:40:00Z,M1.6,-4.7918,-1.531,1.6532,-5.7723,1,-79.3,26.28,0,0.0,
202511030938,2025-11-03T10:11:00Z,2025-11-03T09:38:00Z,M5.0,-4.3008,-1.1711,1.5185,-4.8952,1,-73.62,21.92,0,0.0,
202511031219,2025-11-03T12:35:00Z,2025-11-03T12:19:00Z,M2.9,-4.5346,-1.6671,1.2041,-5.5118,1,-71.04,22.24,0,0.0,
202511031237,2025-11-03T12:47:00Z,2025-11-03T12:37:00Z,M3.2,-4.4866,-1.5838,1.0,-4.5368,1,-72.7,21.3,0,0.0,
202511031704,2025-11-03T17:08:00Z,2025-11-03T17:04:00Z,M1.5,-4.819,-2.4405,0.6021,-5.8028,1,-63.37,23.87,0,0.0,
202511040131,2025-11-04T01:48:00Z,2025-11-04T01:31:00Z,M3.5,-4.4514,-1.5499,1.2304,-5.2359,1,-65.84,22.38,0,0.0,
202511041715,2025-11-04T17:34:00Z,2025-11-04T17:15:00Z,X1.7,-3.7449,-0.9289,1.2788,-5.634,1,-54.86,23.24,0,0.0,
202511042145,2025-11-04T22:01:00Z,2025-11-04T21:45:00Z,X1.1,-3.9349,-1.2678,1.2041,-5.7652,1,-73.04,-13.22,0,0.0,
202511051036,2025-11-05T11:19:00Z,2025-11-05T10:36:00Z,M7.4,-4.1278,-1.017,1.6335,-5.585,1,-46.65,22.98,0,0.0,
202511052152,2025-11-05T22:07:00Z,2025-11-05T21:52:00Z,M8.6,-4.0629,-1.3987,1.1761,-5.7504,1,-36.27,26.62,0,0.0,
202511060417,2025-11-06T04:31:00Z,2025-11-06T04:17:00Z,M1.1,-4.9351,-2.1311,1.1461,-5.8257,0,,,0,0.0,
202511070631,2025-11-07T07:16:00Z,2025-11-07T06:31:00Z,M1.7,-4.7549,-1.575,1.6532,-5.7875,1,-26.85,22.0,0,0.0,
202511090701,2025-11-09T07:35:00Z,2025-11-09T07:01:00Z,X1.7,-3.7477,-0.7332,1.5315,-5.3927,1,-1.18,22.82,0,0.0,
202511100855,2025-11-10T09:19:00Z,2025-11-10T08:55:00Z,X1.2,-3.9171,-1.0847,1.3802,-5.6389,1,16.68,22.89,1,30.0,2.1
202511101946,2025-11-10T19:57:00Z,2025-11-10T19:46:00Z,M1.5,-4.8167,-2.2166,1.0414,-5.6135,1,20.81,21.74,0,0.0,
202511110802,2025-11-11T08:09:00Z,2025-11-11T08:02:00Z,M1.4,-4.8321,-2.3035,0.8451,-5.7895,1,32.26,20.31,0,0.0,
202511110949,2025-11-11T10:04:00Z,2025-11-11T09:49:00Z,X5.1,-3.2879,-0.7403,1.1761,-5.5474,1,28.47,22.87,1,1460.0,-0.32
202511140711,2025-11-14T07:39:00Z,2025-11-14T07:11:00Z,M1.8,-4.7358,-1.7836,1.4472,-5.7724,1,68.19,22.24,0,0.0,
202511140744,2025-11-14T08:30:00Z,2025-11-14T07:44:00Z,X4.0,-3.3931,-0.605,1.6628,-4.757,1,71.36,21.34,1,16.0,0.83
202511142004,2025-11-14T20:12:00Z,2025-11-14T20:04:00Z,M1.3,-4.8636,-2.3475,0.9031,-5.878,0,,,0,0.0,
202511142122,2025-11-14T21:31:00Z,2025-11-14T21:22:00Z,M1.3,-4.8759,-2.3331,0.9542,-5.554,1,81.86,20.45,0,0.0,
202511160749,2025-11-16T08:17:00Z,2025-11-16T07:49:00Z,M3.1,-4.507,-1.6001,1.4472,-6.016,0,,,0,0.0,
202511282211,2025-11-28T22:22:00Z,2025-11-28T22:11:00Z,M5.9,-4.2248,-1.8419,1.0414,-5.5143,1,-66.27,-14.93,0,0.0,
202511282355,2025-11-29T00:02:00Z,2025-11-28T23:55:00Z,M1.6,-4.7928,-2.1806,0.8451,-5.3292,1,-50.72,-8.73,0,0.0,
202511290414,2025-11-29T04:20:00Z,2025-11-29T04:14:00Z,M1.5,-4.8042,-2.3268,0.7782,-5.5514,1,-72.45,-15.84,0,0.0,
202511291302,2025-11-29T13:16:00Z,2025-11-29T13:02:00Z,M1.1,-4.9561,-2.2283,1.1461,-5.6846,1,-75.92,-11.21,0,0.0,
202511291536,2025-11-29T16:07:00Z,2025-11-29T15:36:00Z,M2.8,-4.5389,-1.5187,1.4914,-5.5452,1,-68.53,20.82,0,0.0,
202511292007,2025-11-29T20:14:00Z,2025-11-29T20:07:00Z,M1.4,-4.8425,-2.3014,0.8451,-5.5193,1,-72.31,-16.79,0,0.0,
202511292134,2025-11-29T21:48:00Z,2025-11-29T21:34:00Z,M1.4,-4.8341,-2.0802,1.1461,-5.6111,1,-66.8,-17.03,0,0.0,
202512010227,2025-12-01T02:49:00Z,2025-12-01T02:27:00Z,X1.9,-3.7116,-0.8645,1.3424,-5.6111,1,-70.31,22.21,0,0.0,
202512040236,2025-12-04T02:50:00Z,2025-12-04T02:36:00Z,M6.0,-4.2167,-1.5479,1.1461,-5.5867,1,-49.14,7.06,0,0.0,
202512061858,2025-12-06T19:21:00Z,2025-12-06T18:58:00Z,M1.1,-4.9361,-1.9997,1.3617,-5.8536,1,-10.76,22.08,0,0.0,
202512062029,2025-12-06T20:39:00Z,2025-12-06T20:29:00Z,M8.1,-4.0901,-1.5381,1.0,-5.7529,1,-1.18,19.83,0,0.0,
202512072356,2025-12-08T00:12:00Z,2025-12-07T23:56:00Z,M2.4,-4.6033,-1.7475,1.2041,-5.6999,1,12.83,19.24,0,0.0,
202512080033,2025-12-08T00:36:00Z,2025-12-08T00:33:00Z,M2.0,-4.6879,-2.2442,0.4771,-5.1749,1,35.26,-15.86,0,0.0,
202512080449,2025-12-08T05:01:00Z,2025-12-08T04:49:00Z,X1.1,-3.9458,-1.521,1.0792,-5.7529,1,54.47,-13.02,0,0.0,
202512080640,2025-12-08T06:54:00Z,2025-12-08T06:40:00Z,M1.8,-4.7355,-1.9555,1.1461,-5.7069,1,8.03,22.32,0,0.0,
202512081242,2025-12-08T13:05:00Z,2025-12-08T12:42:00Z,M1.0,-4.9621,-2.0049,1.3617,-5.6538,1,41.07,-16.59,0,0.0,
202512082113,2025-12-08T21:17:00Z,2025-12-08T21:13:00Z,M3.1,-4.4962,-2.0818,0.6021,-5.5723,1,41.44,-10.01,0,0.0,
202512082204,2025-12-08T22:28:00Z,2025-12-08T22:04:00Z,M1.2,-4.9067,-1.9551,1.3802,-5.6581,1,33.21,6.23,0,0.0,
202512090037,2025-12-09T00:58:00Z,2025-12-09T00:37:00Z,M2.0,-4.6889,-1.6742,1.3222,-5.3852,1,18.88,20.4,0,0.0,
202512090134,2025-12-09T01:38:00Z,2025-12-09T01:34:00Z,M1.1,-4.9223,-2.3044,0.6021,-5.0934,1,58.37,-33.16,0,0.0,
202512090713,2025-12-09T07:29:00Z,2025-12-09T07:13:00Z,M1.0,-4.9997,-1.972,1.2041,-5.1841,1,48.22,-10.57,0,0.0,
202512090733,2025-12-09T07:39:00Z,2025-12-09T07:33:00Z,M1.3,-4.8777,-2.1504,0.7782,-5.0135,1,40.35,-11.5,0,0.0,
202512090741,2025-12-09T07:47:00Z,2025-12-09T07:41:00Z,M1.6,-4.7768,-2.0379,0.7782,-4.8963,1,46.07,-11.46,0,0.0,
202512091500,2025-12-09T15:14:00Z,2025-12-09T15:00:00Z,M1.5,-4.8189,-2.1056,1.1461,-5.5267,1,48.23,-12.58,0,0.0,
202512092313,2025-12-09T23:27:00Z,2025-12-09T23:13:00Z,M1.5,-4.7994,-2.0577,1.1461,-5.6688,1,48.41,-16.16,0,0.0,
202512100417,2025-12-10T04:22:00Z,2025-12-10T04:17:00Z,M1.2,-4.8977,-2.3675,0.699,-5.4319,1,64.78,-12.66,0,0.0,
202512100731,2025-12-10T07:37:00Z,2025-12-10T07:31:00Z,M1.9,-4.7045,-2.197,0.7782,-5.629,1,62.41,-11.32,0,0.0,
202512100946,2025-12-10T09:55:00Z,2025-12-10T09:46:00Z,M1.0,-4.9892,-2.2869,0.9542,-5.7723,1,59.4,-19.03,0,0.0,
202512101332,2025-12-10T13:43:00Z,2025-12-10T13:32:00Z,M1.6,-4.7903,-2.1316,1.0414,-5.8137,1,60.73,-18.35,0,0.0,
202512102158,2025-12-10T22:08:00Z,2025-12-10T21:58:00Z,M4.4,-4.3508,-1.8613,1.0,-5.8647,1,68.14,-18.18,0,0.0,
202512120450,2025-12-12T05:05:00Z,2025-12-12T04:50:00Z,M2.0,-4.691,-1.9339,1.1761,-5.8066,1,76.85,-17.09,0,0.0,
202512120527,2025-12-12T05:44:00Z,2025-12-12T05:27:00Z,M1.1,-4.9506,-1.9104,1.2304,-5.1644,1,81.21,-11.45,0,0.0,
202512191535,2025-12-19T15:58:00Z,2025-12-19T15:35:00Z,M1.0,-4.9677,-2.0124,1.3617,-5.9927,0,,,0,0.0,
202512200736,2025-12-20T07:53:00Z,2025-12-20T07:36:00Z,M1.0,-4.9755,-2.2927,1.2304,-5.9617,1,-55.84,18.92,0,0.0,
202512211816,2025-12-21T18:27:00Z,2025-12-21T18:16:00Z,M1.3,-4.8848,-2.1356,1.0414,-6.055,1,-25.15,-6.24,0,0.0,
202512270138,2025-12-27T01:50:00Z,2025-12-27T01:38:00Z,M5.1,-4.2865,-1.5987,1.0792,-5.8162,1,-69.37,-8.15,0,0.0,
202512282103,2025-12-28T21:13:00Z,2025-12-28T21:03:00Z,M1.3,-4.8813,-2.2872,1.0,-5.5845,1,-44.27,-6.38,0,0.0,
202512282201,2025-12-28T22:39:00Z,2025-12-28T22:01:00Z,M4.2,-4.3723,-1.2844,1.5798,-5.4031,1,30.26,7.33,0,0.0,
202512282357,2025-12-29T00:02:00Z,2025-12-28T23:57:00Z,M2.2,-4.6545,-2.1337,0.699,-5.4109,1,-44.35,24.91,0,0.0,
202512290633,2025-12-29T06:51:00Z,2025-12-29T06:33:00Z,M1.0,-4.9802,-2.1724,1.2553,-5.694,1,-41.04,-7.88,0,0.0,
202512311311,2025-12-31T13:51:00Z,2025-12-31T13:11:00Z,M7.1,-4.1483,-1.1563,1.6021,-5.8976,1,-16.77,23.44,0,0.0,
202601112153,2026-01-11T23:14:00Z,2026-01-11T21:53:00Z,M3.3,-4.4712,-1.0437,1.9085,-6.0315,0,,,0,0.0,
202601142010,2026-01-14T20:33:00Z,2026-01-14T20:10:00Z,M1.6,-4.7891,-1.9399,1.3617,-5.9422,1,-65.72,-10.61,0,0.0,
202601171019,2026-01-17T10:29:00Z,2026-01-17T10:19:00Z,M2.1,-4.665,-2.1448,1.0,-5.8471,1,-33.51,-4.3,0,0.0,
202601172346,2026-01-17T23:51:00Z,2026-01-17T23:46:00Z,M1.1,-4.9293,-2.3166,0.699,-5.2488,1,-28.68,-8.88,0,0.0,
202601181727,2026-01-18T18:09:00Z,2026-01-18T17:27:00Z,X1.9,-3.7115,-0.6265,1.6232,-5.5038,1,-20.04,-11.7,1,37000.0,4.77
202601191109,2026-01-19T11:19:00Z,2026-01-19T11:09:00Z,M1.1,-4.9228,-2.4038,1.0,-5.7218,1,-15.98,-14.43,0,0.0,
202601210115,2026-01-21T01:35:00Z,2026-01-21T01:15:00Z,M1.1,-4.9395,-2.0002,1.301,-5.7279,1,4.82,-15.17,0,0.0,
202601210654,2026-01-21T07:12:00Z,2026-01-21T06:54:00Z,M3.4,-4.4671,-1.7738,1.2553,-5.8575,1,-55.93,-14.04,0,0.0,
202602010152,2026-02-01T02:05:00Z,2026-02-01T01:52:00Z,M1.7,-4.7695,-2.047,1.1139,-5.4488,1,-45.36,14.06,0,0.0,
202602010331,2026-02-01T03:41:00Z,2026-02-01T03:31:00Z,M1.0,-4.9793,-2.1689,1.0,-5.2161,1,-42.3,15.21,0,0.0,
202602010408,2026-02-01T04:20:00Z,2026-02-01T04:08:00Z,M1.9,-4.7077,-1.8435,1.0792,-5.1265,1,-43.51,13.2,0,0.0,
202602010953,2026-02-01T10:02:00Z,2026-02-01T09:53:00Z,M6.6,-4.1779,-1.688,0.9542,-5.4104,1,-39.15,15.35,0,0.0,
202602011028,2026-02-01T10:42:00Z,2026-02-01T10:28:00Z,M2.4,-4.6034,-1.6422,1.1461,-4.8503,1,-41.05,15.52,0,0.0,
202602011152,2026-02-01T12:12:00Z,2026-02-01T11:52:00Z,M6.7,-4.1706,-1.3412,1.301,-5.0186,1,-38.59,15.27,0,0.0,
202602011225,2026-02-01T12:33:00Z,2026-02-01T12:25:00Z,X1.0,-3.9843,-1.2642,0.9031,-4.443,1,-36.9,16.07,0,0.0,
202602011244,2026-02-01T12:50:00Z,2026-02-01T12:44:00Z,M5.8,-4.2307,-1.5385,0.7782,-4.4809,1,-36.11,15.79,0,0.0,
202602011418,2026-02-01T14:25:00Z,2026-02-01T14:18:00Z,M1.5,-4.8025,-2.1067,0.8451,-5.0308,1,-36.72,14.79,0,0.0,
202602011537,2026-02-01T15:48:00Z,2026-02-01T15:37:00Z,M1.5,-4.8196,-2.0177,1.0414,-5.2582,1,-36.7,15.61,0,0.0,
202602011557,2026-02-01T16:05:00Z,2026-02-01T15:57:00Z,M5.1,-4.2877,-1.6378,0.9031,-4.93,1,-40.27,16.58,0,0.0,
202602011732,2026-02-01T17:35:00Z,2026-02-01T17:32:00Z,M1.1,-4.936,-2.4002,0.4771,-5.2228,1,-35.05,14.54,0,0.0,
202602011743,2026-02-01T17:58:00Z,2026-02-01T17:43:00Z,M2.5,-4.5953,-1.696,1.1761,-5.0984,1,-34.74,14.1,0,0.0,
202602011815,2026-02-01T18:19:00Z,2026-02-01T18:15:00Z,M2.1,-4.6688,-2.0289,0.6021,-4.7546,1,-35.82,15.04,0,0.0,
202602011848,2026-02-01T18:56:00Z,2026-02-01T18:48:00Z,M1.9,-4.7113,-1.9453,0.9031,-5.0514,1,-36.3,14.24,0,0.0,
202602011912,2026-02-01T19:22:00Z,2026-02-01T19:12:00Z,M1.8,-4.7266,-1.8616,1.0,-4.9107,1,-36.14,14.08,0,0.0,
202602012020,2026-02-01T20:30:00Z,2026-02-01T20:20:00Z,M2.2,-4.6424,-1.8438,1.0,-4.9075,1,-34.4,15.3,0,0.0,
202602012312,2026-02-01T23:27:00Z,2026-02-01T23:12:00Z,M1.3,-4.8551,-1.994,1.1761,-5.3921,1,-32.04,15.66,0,0.0,
202602012344,2026-02-01T23:57:00Z,2026-02-01T23:44:00Z,X8.1,-3.0912,-0.5679,1.1139,-4.982,0,,,0,0.0,
202602020031,2026-02-02T00:36:00Z,2026-02-02T00:31:00Z,X2.8,-3.5475,-1.0012,0.699,-4.0862,1,-29.04,16.19,0,0.0,
202602020235,2026-02-02T02:42:00Z,2026-02-02T02:35:00Z,M4.4,-4.3565,-1.7294,0.8451,-4.7048,1,-30.31,14.13,0,0.0,
202602020245,2026-02-02T02:51:00Z,2026-02-02T02:45:00Z,M5.2,-4.2785,-1.5777,0.7782,-4.5432,1,-31.46,14.54,0,0.0,
202602020344,2026-02-02T03:46:00Z,2026-02-02T03:44:00Z,M1.9,-4.7071,-2.2238,0.301,-4.8686,1,-28.12,14.32,0,0.0,
202602020439,2026-02-02T04:47:00Z,2026-02-02T04:39:00Z,M3.0,-4.5216,-1.8368,0.9031,-5.1265,1,-34.23,17.16,0,0.0,
202602020510,2026-02-02T05:16:00Z,2026-02-02T05:10:00Z,M1.6,-4.7861,-2.0611,0.7782,-4.9362,1,-31.91,14.03,0,0.0,
202602020519,2026-02-02T05:27:00Z,2026-02-02T05:19:00Z,M2.3,-4.6312,-1.8197,0.9031,-4.8013,1,-32.51,15.12,0,0.0,
202602020739,2026-02-02T08:14:00Z,2026-02-02T07:39:00Z,X1.6,-3.7829,-0.6972,1.5441,-4.9058,1,-26.33,16.0,0,0.0,
202602021017,2026-02-02T10:24:00Z,2026-02-02T10:17:00Z,M1.9,-4.7152,-1.9877,0.8451,-4.9493,1,-27.91,15.69,0,0.0,
202602021115,2026-02-02T11:24:00Z,2026-02-02T11:15:00Z,M6.7,-4.1693,-1.5075,0.9542,-5.2394,1,-30.23,17.41,0,0.0,
202602021332,2026-02-02T13:39:00Z,2026-02-02T13:32:00Z,M1.1,-4.9244,-2.2046,0.8451,-5.2248,1,-30.15,11.84,0,0.0,
202602021449,2026-02-02T15:01:00Z,2026-02-02T14:49:00Z,M4.0,-4.3959,-1.7339,1.0792,-5.2187,1,-23.3,14.21,0,0.0,
202602021703,2026-02-02T17:10:00Z,2026-02-02T17:03:00Z,M2.3,-4.6238,-1.9668,0.8451,-5.1708,1,-23.58,13.93,0,0.0,
202602021826,2026-02-02T18:29:00Z,2026-02-02T18:26:00Z,M2.3,-4.6214,-2.2416,0.4771,-5.1064,1,-22.07,15.45,0,0.0,
202602021941,2026-02-02T20:05:00Z,2026-02-02T19:41:00Z,M2.9,-4.5276,-1.4936,1.3802,-5.1288,1,-22.13,15.08,0,0.0,
202602022052,2026-02-02T21:08:00Z,2026-02-02T20:52:00Z,M3.3,-4.479,-1.5625,1.2041,-4.8919,1,-23.98,17.71,0,0.0,
202602022321,2026-02-02T23:27:00Z,2026-02-02T23:21:00Z,M2.5,-4.586,-2.035,0.7782,-5.1708,1,-18.42,13.93,0,0.0,
202602030131,2026-02-03T01:49:00Z,2026-02-03T01:31:00Z,M1.5,-4.8162,-1.8381,1.2553,-5.3009,1,-19.43,13.25,0,0.0,
202602030413,2026-02-03T04:22:00Z,2026-02-03T04:13:00Z,M1.7,-4.7551,-2.1319,0.9542,-5.5363,1,-17.22,13.52,0,0.0,
202602030545,2026-02-03T05:55:00Z,2026-02-03T05:45:00Z,M2.6,-4.5795,-1.9871,1.0,-5.4621,1,-12.81,15.11,0,0.0,
202602030643,2026-02-03T07:01:00Z,2026-02-03T06:43:00Z,M7.2,-4.14,-1.552,1.2553,-5.3176,1,-14.39,14.89,0,0.0,
202602030743,2026-02-03T07:47:00Z,2026-02-03T07:43:00Z,M3.6,-4.4356,-1.8454,0.6021,-4.7042,1,-11.55,14.38,0,0.0,
202602030941,2026-02-03T10:12:00Z,2026-02-03T09:41:00Z,M3.6,-4.4365,-1.3986,1.4914,-5.4086,1,-14.02,15.08,0,0.0,
202602031358,2026-02-03T14:08:00Z,2026-02-03T13:58:00Z,X1.5,-3.821,-1.3682,1.0,-5.5581,1,-9.64,15.3,0,0.0,
202602031445,2026-02-03T14:56:00Z,2026-02-03T14:45:00Z,M7.2,-4.1409,-1.3813,1.0414,-4.5802,1,-13.5,18.35,0,0.0,
202602031629,2026-02-03T16:36:00Z,2026-02-03T16:29:00Z,M2.1,-4.6759,-1.9277,0.8451,-4.8617,1,-9.53,14.71,0,0.0,
202602031753,2026-02-03T18:08:00Z,2026-02-03T17:53:00Z,M2.5,-4.5991,-1.6678,1.1761,-5.0306,1,-8.78,15.12,0,0.0,
202602032231,2026-02-03T22:50:00Z,2026-02-03T22:31:00Z,M2.0,-4.6969,-1.8035,1.2788,-5.3919,1,-6.9,13.41,0,0.0,
202602032256,2026-02-03T23:09:00Z,2026-02-03T22:56:00Z,M3.4,-4.4588,-1.5384,1.1139,-4.7283,1,-6.14,13.66,0,0.0,
202602040102,2026-02-04T01:10:00Z,2026-02-04T01:02:00Z,M1.2,-4.8907,-2.1725,0.9031,-5.1737,1,-3.53,13.38,0,0.0,
202602040126,2026-02-04T01:39:00Z,2026-02-04T01:26:00Z,M1.4,-4.8535,-1.9244,1.1139,-5.0698,1,-4.52,13.03,0,0.0,
202602040145,2026-02-04T01:55:00Z,2026-02-04T01:45:00Z,M1.4,-4.8516,-1.9454,1.0,-4.8961,1,-4.07,14.2,0,0.0,
202602040222,2026-02-04T02:30:00Z,2026-02-04T02:22:00Z,M2.1,-4.6588,-1.9686,0.9031,-5.0197,1,-3.23,13.81,0,0.0,
202602040232,2026-02-04T02:39:00Z,2026-02-04T02:32:00Z,M4.8,-4.3098,-1.5983,0.8451,-4.7184,1,-3.03,15.04,0,0.0,
202602040348,2026-02-04T03:55:00Z,2026-02-04T03:48:00Z,M2.1,-4.6594,-2.0166,0.8451,-5.3152,1,-4.2,14.34,0,0.0,
202602040912,2026-02-04T09:20:00Z,2026-02-04T09:12:00Z,M1.8,-4.7394,-2.2008,0.9031,-5.3014,1,-2.8,17.74,0,0.0,
202602041010,2026-02-04T10:12:00Z,2026-02-04T10:10:00Z,M3.1,-4.5063,-2.1951,0.301,-5.2918,1,-2.71,17.63,0,0.0,
202602041040,2026-02-04T10:46:00Z,2026-02-04T10:40:00Z,M1.5,-4.8143,-2.219,0.7782,-5.3784,1,-0.74,13.66,0,0.0,
202602041051,2026-02-04T10:55:00Z,2026-02-04T10:51:00Z,M1.5,-4.8001,-2.1447,0.6021,-4.8651,1,-1.38,12.63,0,0.0,
202602041131,2026-02-04T11:35:00Z,2026-02-04T11:31:00Z,M1.1,-4.9546,-2.3375,0.6021,-5.1532,1,-4.06,17.23,0,0.0,
202602041202,2026-02-04T12:13:00Z,2026-02-04T12:02:00Z,X4.2,-3.3765,-0.7845,1.0414,-5.4143,1,-2.33,18.04,0,0.0,
202602041525,2026-02-04T15:34:00Z,2026-02-04T15:25:00Z,M1.8,-4.7239,-2.1663,0.9542,-5.5192,1,2.68,13.9,0,0.0,
202602050355,2026-02-05T04:21:00Z,2026-02-05T03:55:00Z,M2.5,-4.5995,-1.5243,1.415,-5.4338,1,9.65,13.96,0,0.0,
202602050425,2026-02-05T04:36:00Z,2026-02-05T04:25:00Z,M2.7,-4.5585,-1.62,1.0414,-4.6016,1,9.42,13.84,0,0.0,
202602050613,2026-02-05T06:19:00Z,2026-02-05T06:13:00Z,M1.3,-4.8784,-2.1898,0.7782,-5.1545,1,9.23,14.38,0,0.0,
202602050819,2026-02-05T08:33:00Z,2026-02-05T08:19:00Z,M1.0,-4.9724,-2.1783,1.1461,-5.6879,1,9.95,14.54,0,0.0,
202602050838,2026-02-05T08:46:00Z,2026-02-05T08:38:00Z,M1.2,-4.9198,-2.1185,0.9031,-5.0257,1,11.69,14.68,0,0.0,
202602051259,2026-02-05T13:04:00Z,2026-02-05T12:59:00Z,M1.6,-4.7726,-2.1852,0.699,-5.2731,1,14.79,10.49,0,0.0,
202602051508,2026-02-05T15:13:00Z,2026-02-05T15:08:00Z,M1.8,-4.733,-2.1704,0.699,-5.4572,1,16.31,-17.24,0,0.0,
202602051620,2026-02-05T16:30:00Z,2026-02-05T16:20:00Z,M1.6,-4.7725,-2.1764,1.0,-5.6308,1,16.33,13.62,0,0.0,
202602051731,2026-02-05T17:41:00Z,2026-02-05T17:31:00Z,M1.5,-4.8201,-2.0752,1.0,-5.6573,1,17.04,15.43,0,0.0,
202602051928,2026-02-05T19:33:00Z,2026-02-05T19:28:00Z,M2.0,-4.6843,-2.1929,0.699,-5.7899,1,19.42,-15.45,0,0.0,
202602052210,2026-02-05T22:17:00Z,2026-02-05T22:10:00Z,M1.1,-4.9322,-2.5005,0.8451,-5.8548,1,72.15,-22.42,0,0.0,
202602081113,2026-02-08T11:18:00Z,2026-02-08T11:13:00Z,M1.8,-4.7445,-2.3393,0.699,-5.5204,1,51.28,18.63,0,0.0,
202602081132,2026-02-08T11:43:00Z,2026-02-08T11:32:00Z,M1.7,-4.7676,-2.014,1.0414,-5.2137,1,52.68,17.72,0,0.0,
202602081346,2026-02-08T13:53:00Z,2026-02-08T13:46:00Z,M2.7,-4.5595,-2.0806,0.8451,-5.5506,1,51.42,14.65,0,0.0,
202602090214,2026-02-09T02:27:00Z,2026-02-09T02:14:00Z,M2.8,-4.5503,-1.8845,1.1139,-5.608,1,59.95,17.89,0,0.0,
202602110001,2026-02-11T00:09:00Z,2026-02-11T00:01:00Z,M1.2,-4.894,-2.2432,0.9031,-5.5727,0,,,0,0.0,
202602110029,2026-02-11T00:44:00Z,2026-02-11T00:29:00Z,M1.1,-4.9289,-1.9747,1.1761,-5.2512,0,,,0,0.0,
202602110050,2026-02-11T00:57:00Z,2026-02-11T00:50:00Z,M1.3,-4.8624,-2.1259,0.8451,-4.9796,1,83.14,15.54,0,0.0,
202602111247,2026-02-11T13:12:00Z,2026-02-11T12:47:00Z,M1.4,-4.8401,-1.9112,1.3979,-5.8064,0,,,0,0.0,
202602120229,2026-02-12T02:40:00Z,2026-02-12T02:29:00Z,M1.4,-4.8428,-2.2375,1.0414,-6.1064,0,,,0,0.0,
202602130828,2026-02-13T08:58:00Z,2026-02-13T08:28:00Z,M1.0,-4.9753,-2.0239,1.4771,-6.1629,1,14.39,8.18,0,0.0,
202602160403,2026-02-16T04:35:00Z,2026-02-16T04:03:00Z,M2.4,-4.6071,-1.5682,1.5051,-6.3124,0,,,0,0.0,
202602251535,2026-02-25T15:59:00Z,2026-02-25T15:35:00Z,M2.3,-4.6209,-1.8634,1.3802,-6.0791,1,-79.02,-20.37,0,0.0,
202603161200,2026-03-16T12:15:00Z,2026-03-16T12:00:00Z,M2.7,-4.5546,-1.8596,1.1761,-6.3272,1,-20.46,-14.67,0,0.0,
202603260611,2026-03-26T06:23:00Z,2026-03-26T06:11:00Z,M3.9,-4.4061,-1.7249,1.0792,-5.807,1,-59.65,17.39,0,0.0,
202603300247,2026-03-30T03:19:00Z,2026-03-30T02:47:00Z,X1.4,-3.826,-0.8117,1.5051,-5.7997,1,-42.13,-23.46,0,0.0,
202604021724,2026-04-02T18:15:00Z,2026-04-02T17:24:00Z,M3.5,-4.4513,-1.5547,1.7076,-5.7954,1,16.67,11.51,0,0.0,
202604030745,2026-04-03T07:56:00Z,2026-04-03T07:45:00Z,M1.3,-4.8759,-2.4269,1.0414,-5.7659,1,-6.02,2.14,0,0.0,
202604031246,2026-04-03T12:50:00Z,2026-04-03T12:46:00Z,M1.3,-4.8756,-2.5116,0.6021,-5.7736,1,-3.02,2.58,0,0.0,
202604040107,2026-04-04T01:17:00Z,2026-04-04T01:07:00Z,M7.5,-4.1224,-1.5606,1.0,-5.905,1,3.92,3.58,0,0.0,
202604040738,2026-04-04T07:58:00Z,2026-04-04T07:38:00Z,M1.7,-4.7692,-1.9485,1.301,-6.0711,1,6.46,2.12,0,0.0,
202604041157,2026-04-04T12:11:00Z,2026-04-04T11:57:00Z,M1.2,-4.8866,-2.1404,1.1461,-6.0967,1,9.12,2.42,0,0.0,
202604042254,2026-04-04T23:04:00Z,2026-04-04T22:54:00Z,M1.0,-4.9692,-2.3414,1.0,-6.0868,1,16.17,1.66,0,0.0,
202604230424,2026-04-23T04:35:00Z,2026-04-23T04:24:00Z,M1.6,-4.7826,-2.2028,1.0414,-6.0324,1,56.51,15.82,0,0.0,
202604230450,2026-04-23T04:59:00Z,2026-04-23T04:50:00Z,M1.2,-4.905,-2.0801,0.9542,-5.1134,0,,,0,0.0,
202604230840,2026-04-23T08:48:00Z,2026-04-23T08:40:00Z,M4.3,-4.3636,-1.8047,0.9031,-5.7455,1,64.13,17.11,0,0.0,
202604231342,2026-04-23T14:00:00Z,2026-04-23T13:42:00Z,M1.7,-4.7666,-1.9765,1.2553,-5.9409,1,59.6,15.63,0,0.0,
202604231700,2026-04-23T17:08:00Z,2026-04-23T17:00:00Z,M4.9,-4.305,-1.6894,0.9031,-5.5255,1,70.45,17.43,0,0.0,
202604240051,2026-04-24T01:07:00Z,2026-04-24T00:51:00Z,X2.4,-3.6036,-1.0643,1.2041,-5.9547,1,77.11,19.39,0,0.0,
202604240801,2026-04-24T08:13:00Z,2026-04-24T08:01:00Z,X2.5,-3.5991,-1.1013,1.0792,-5.4325,0,,,0,0.0,
202604240857,2026-04-24T09:07:00Z,2026-04-24T08:57:00Z,M1.9,-4.7002,-2.024,1.0,-5.2557,1,-41.12,-4.15,0,0.0,
202604241234,2026-04-24T13:01:00Z,2026-04-24T12:34:00Z,M1.7,-4.764,-1.7487,1.4314,-5.4899,1,-41.15,-3.02,0,0.0,
202604241754,2026-04-24T18:15:00Z,2026-04-24T17:54:00Z,M6.4,-4.1929,-1.3172,1.3222,-5.5336,0,,,0,0.0,
202604250756,2026-04-25T07:59:00Z,2026-04-25T07:56:00Z,M1.3,-4.8833,-2.4906,0.4771,-5.8656,1,-25.83,-4.08,0,0.0,
202604251422,2026-04-25T14:30:00Z,2026-04-25T14:22:00Z,M1.1,-4.9546,-2.5869,0.9031,-5.9196,1,-70.07,8.73,0,0.0,
202604260008,2026-04-26T00:23:00Z,2026-04-26T00:08:00Z,M1.3,-4.8776,-2.1649,1.1761,-5.8893,1,-61.94,7.28,0,0.0,
202604261354,2026-04-26T14:03:00Z,2026-04-26T13:54:00Z,M1.4,-4.8414,-2.2436,0.9542,-5.7712,1,13.45,15.15,0,0.0,
202604261918,2026-04-26T19:24:00Z,2026-04-26T19:18:00Z,M1.7,-4.7648,-2.1104,0.7782,-5.0879,1,1.67,12.58,0,0.0,
202604261954,2026-04-26T20:04:00Z,2026-04-26T19:54:00Z,M2.2,-4.6428,-2.0354,1.0,-5.3114,1,-52.96,7.98,0,0.0,
202604262251,2026-04-26T22:57:00Z,2026-04-26T22:51:00Z,M6.0,-4.2204,-1.7926,0.7782,-5.3255,1,19.05,16.1,0,0.0,
202604270639,2026-04-27T06:45:00Z,2026-04-27T06:39:00Z,M1.0,-4.9782,-2.4895,0.7782,-5.9057,1,-44.62,6.76,0,0.0,
202604281217,2026-04-28T12:23:00Z,2026-04-28T12:17:00Z,M1.0,-4.9882,-2.2883,0.7782,-5.2878,1,39.59,13.33,0,0.0,
202604281349,2026-04-28T13:53:00Z,2026-04-28T13:49:00Z,M1.5,-4.8028,-2.538,0.6021,-5.7545,1,38.87,16.29,0,0.0,
202604281403,2026-04-28T14:07:00Z,2026-04-28T14:03:00Z,M1.1,-4.9567,-2.5362,0.6021,-5.5779,1,39.21,16.0,0,0.0,
202605040113,2026-05-04T01:33:00Z,2026-05-04T01:13:00Z,M1.8,-4.7239,-2.0855,1.301,-6.0622,1,78.56,15.69,0,0.0,
202605071420,2026-05-07T15:14:00Z,2026-05-07T14:20:00Z,M2.6,-4.5834,-1.2781,1.7324,-5.8052,1,-84.25,20.53,0,0.0,
202605101319,2026-05-10T13:39:00Z,2026-05-10T13:19:00Z,M5.7,-4.2376,-1.4504,1.301,-5.9362,1,-63.01,20.44,0,0.0,
202605161550,2026-05-16T16:12:00Z,2026-05-16T15:50:00Z,M1.8,-4.7217,-1.9479,1.3424,-6.2183,1,15.93,19.7,0,0.0,
202605161622,2026-05-16T16:29:00Z,2026-05-16T16:22:00Z,M1.3,-4.8674,-2.0682,0.8451,-4.9289,1,14.78,18.72,0,0.0,
202605161739,2026-05-16T17:42:00Z,2026-05-16T17:39:00Z,M1.9,-4.7086,-2.3365,0.4771,-5.5555,0,,,0,0.0,
202605170329,2026-05-17T03:39:00Z,2026-05-17T03:29:00Z,M1.4,-4.8493,-2.3099,1.0,-6.1636,1,81.96,19.85,0,0.0,
202605221003,2026-05-22T10:29:00Z,2026-05-22T10:03:00Z,M2.3,-4.6228,-1.6313,1.415,-5.8622,0,,,0,0.0,
202605290640,2026-05-29T07:04:00Z,2026-05-29T06:40:00Z,M1.1,-4.9326,-1.8309,1.3802,-5.2947,1,-65.67,15.21,0,0.0,
202606020442,2026-06-02T04:45:00Z,2026-06-02T04:42:00Z,M1.2,-4.9184,-2.6347,0.4771,-6.17,1,-72.48,-19.73,0,0.0,
202606020951,2026-06-02T10:05:00Z,2026-06-02T09:51:00Z,M1.2,-4.8861,-2.1697,1.1461,-5.8992,1,-3.34,9.86,0,0.0,
202606021631,2026-06-02T16:50:00Z,2026-06-02T16:31:00Z,M3.3,-4.4774,-1.7293,1.2788,-5.9832,1,5.05,12.48,0,0.0,
202606030122,2026-06-03T01:36:00Z,2026-06-03T01:22:00Z,M9.3,-4.0303,-1.2928,1.1461,-5.8178,1,11.74,14.59,0,0.0,
202606030649,2026-06-03T07:00:00Z,2026-06-03T06:49:00Z,M7.7,-4.1104,-1.6068,1.0414,-6.0028,1,14.77,15.61,0,0.0,
202606031119,2026-06-03T11:28:00Z,2026-06-03T11:19:00Z,X1.0,-3.9867,-1.3562,0.9542,-5.7235,1,17.54,14.99,0,0.0,
202606061340,2026-06-06T14:01:00Z,2026-06-06T13:40:00Z,M1.8,-4.7303,-1.727,1.3222,-5.4627,1,-20.85,-23.59,0,0.0,
202606200126,2026-06-20T01:51:00Z,2026-06-20T01:26:00Z,M1.3,-4.8745,-2.0276,1.3979,-6.1323,0,,,0,0.0,
202606201450,2026-06-20T15:00:00Z,2026-06-20T14:50:00Z,M1.0,-4.9788,-2.5012,1.0,-6.2409,0,,,0,0.0,
202606210225,2026-06-21T02:46:00Z,2026-06-21T02:25:00Z,M2.6,-4.5709,-1.8389,1.3222,-6.2468,1,-67.77,-6.79,0,0.0,
202606211917,2026-06-21T19:29:00Z,2026-06-21T19:17:00Z,M6.8,-4.1614,-1.5999,1.0792,-5.9993,1,-53.02,-6.55,0,0.0,
202606292113,2026-06-29T21:40:00Z,2026-06-29T21:13:00Z,M1.4,-4.8323,-1.8184,1.4314,-5.4793,1,3.87,14.38,0,0.0,
202606300039,2026-06-30T01:16:00Z,2026-06-30T00:39:00Z,M1.3,-4.8813,-1.7428,1.5682,-5.708,1,42.01,-8.2,0,0.0,
202606301237,2026-06-30T12:57:00Z,2026-06-30T12:37:00Z,M5.8,-4.2308,-1.3019,1.301,-5.3843,1,51.7,-7.1,0,0.0,
202606302034,2026-06-30T20:50:00Z,2026-06-30T20:34:00Z,X1.1,-3.9574,-1.2573,1.2041,-5.4588,1,18.2,17.24,0,0.0,
202607010619,2026-07-01T06:27:00Z,2026-07-01T06:19:00Z,M1.1,-4.9247,-2.3566,0.9031,-5.6805,1,24.09,19.07,0,0.0,
202607010637,2026-07-01T06:43:00Z,2026-07-01T06:37:00Z,M1.0,-4.9659,-2.3658,0.7782,-5.5159,1,23.09,18.29,0,0.0,
202607010728,2026-07-01T07:35:00Z,2026-07-01T07:28:00Z,M1.5,-4.803,-2.3225,0.8451,-5.6855,1,25.98,19.45,0,0.0,
202607010807,2026-07-01T08:17:00Z,2026-07-01T08:07:00Z,M2.5,-4.5935,-2.1381,1.0,-5.7495,1,26.39,19.03,0,0.0,
202607011004,2026-07-01T10:08:00Z,2026-07-01T10:04:00Z,M1.3,-4.8623,-2.4292,0.6021,-5.5982,1,26.46,18.16,0,0.0,
202607011422,2026-07-01T14:31:00Z,2026-07-01T14:22:00Z,M1.1,-4.957,-2.196,0.9542,-5.2241,1,29.66,19.86,0,0.0,
202607011439,2026-07-01T14:54:00Z,2026-07-01T14:39:00Z,M2.6,-4.5793,-1.6714,1.1761,-5.1348,1,27.54,15.31,0,0.0,
202607011844,2026-07-01T19:43:00Z,2026-07-01T18:44:00Z,M3.5,-4.455,-1.2992,1.7709,-5.5601,1,31.42,4.41,0,0.0,
202607012015,2026-07-01T20:22:00Z,2026-07-01T20:15:00Z,M1.8,-4.7371,-2.0639,0.8451,-5.046,1,37.95,19.74,0,0.0,
202607012257,2026-07-01T23:09:00Z,2026-07-01T22:57:00Z,M8.5,-4.0684,-1.4881,1.0792,-5.2924,1,25.03,-6.55,0,0.0,
202607012349,2026-07-02T00:02:00Z,2026-07-01T23:49:00Z,M1.1,-4.9436,-2.0919,1.1139,-5.3457,1,19.64,-1.8,0,0.0,
202607020137,2026-07-02T01:56:00Z,2026-07-02T01:37:00Z,M4.2,-4.3767,-1.5855,1.2788,-5.4119,1,33.77,18.25,0,0.0,
202607021021,2026-07-02T10:26:00Z,2026-07-02T10:21:00Z,M2.8,-4.542,-2.176,0.699,-5.1875,1,47.9,-17.8,0,0.0,
202607022303,2026-07-02T23:12:00Z,2026-07-02T23:03:00Z,M1.2,-4.9036,-2.2273,0.9542,-5.2757,1,43.87,12.59,0,0.0,
202607031303,2026-07-03T13:13:00Z,2026-07-03T13:03:00Z,M1.4,-4.8336,-2.19,1.0,-5.3527,1,63.11,-17.08,0,0.0,
202607031749,2026-07-03T18:11:00Z,2026-07-03T17:49:00Z,M6.7,-4.1712,-1.3366,1.3424,-5.2974,1,59.53,14.46,0,0.0,
202607031857,2026-07-03T18:59:00Z,2026-07-03T18:57:00Z,M6.3,-4.1949,-1.7172,0.301,-4.9247,1,53.77,-6.4,0,0.0,
202607031959,2026-07-03T20:08:00Z,2026-07-03T19:59:00Z,M1.5,-4.8068,-2.0258,0.9542,-5.0741,1,62.5,14.38,0,0.0,
202607032350,2026-07-04T00:00:00Z,2026-07-03T23:50:00Z,M2.0,-4.6974,-2.0785,1.0,-5.4788,1,69.81,-16.03,0,0.0,
202607040013,2026-07-04T00:23:00Z,2026-07-04T00:13:00Z,M2.3,-4.6366,-1.9287,1.0,-5.1979,1,76.68,16.39,0,0.0,
202607040059,2026-07-04T01:13:00Z,2026-07-04T00:59:00Z,M2.1,-4.6596,-1.8357,1.1461,-5.2177,1,72.71,14.52,0,0.0,
202607040152,2026-07-04T02:01:00Z,2026-07-04T01:52:00Z,M1.2,-4.9106,-2.1042,0.9542,-5.1803,1,-11.9,4.62,0,0.0,
202607040321,2026-07-04T03:32:00Z,2026-07-04T03:21:00Z,M3.7,-4.4278,-1.7685,1.0414,-5.2846,1,75.8,14.53,0,0.0,
202607040504,2026-07-04T05:15:00Z,2026-07-04T05:04:00Z,M1.3,-4.8575,-2.1137,1.0414,-5.3607,0,,,0,0.0,
202607040748,2026-07-04T08:07:00Z,2026-07-04T07:48:00Z,M1.8,-4.7434,-1.8638,1.2788,-5.3371,1,74.9,13.76,0,0.0,
202607040841,2026-07-04T08:52:00Z,2026-07-04T08:41:00Z,M1.0,-4.9688,-2.1922,1.0414,-5.3212,0,,,0,0.0,
202607041104,2026-07-04T11:12:00Z,2026-07-04T11:04:00Z,M3.2,-4.4876,-1.8247,0.9031,-5.2734,1,82.51,13.3,0,0.0,
202607041341,2026-07-04T13:51:00Z,2026-07-04T13:41:00Z,M3.2,-4.4894,-1.8364,1.0,-5.3034,0,,,0,0.0,
202607041602,2026-07-04T16:06:00Z,2026-07-04T16:02:00Z,M1.1,-4.9443,-2.3989,0.6021,-5.3374,0,,,0,0.0,
202607041837,2026-07-04T18:48:00Z,2026-07-04T18:37:00Z,M1.9,-4.7109,-1.9985,1.0414,-5.4693,1,77.41,15.67,0,0.0,
202607041923,2026-07-04T19:36:00Z,2026-07-04T19:23:00Z,M1.5,-4.8197,-1.9832,1.1139,-5.3838,1,67.01,-6.65,0,0.0,
202607042029,2026-07-04T20:41:00Z,2026-07-04T20:29:00Z,X1.2,-3.8865,-1.4539,1.0792,-5.418,1,-54.86,-5.4,0,0.0,
202607042216,2026-07-04T22:24:00Z,2026-07-04T22:16:00Z,M1.1,-4.9254,-2.166,0.9031,-5.1262,0,,,0,0.0,
202607050024,2026-07-05T00:31:00Z,2026-07-05T00:24:00Z,M1.3,-4.8544,-2.2809,0.8451,-5.4722,0,,,0,0.0,
202607050419,2026-07-05T04:32:00Z,2026-07-05T04:19:00Z,M1.3,-4.8591,-2.1281,1.1139,-5.5812,1,82.87,-16.2,0,0.0,
202607050441,2026-07-05T04:47:00Z,2026-07-05T04:41:00Z,M1.0,-4.9925,-2.2608,0.7782,-5.1421,0,,,0,0.0,
202607050521,2026-07-05T05:39:00Z,2026-07-05T05:21:00Z,M2.7,-4.5672,-1.6866,1.2553,-5.35,0,,,0,0.0,
202607051056,2026-07-05T11:00:00Z,2026-07-05T10:56:00Z,M1.4,-4.838,-2.3648,0.6021,-5.348,0,,,0,0.0,
202607051621,2026-07-05T16:32:00Z,2026-07-05T16:21:00Z,M1.4,-4.8377,-2.0036,1.0414,-5.2775,0,,,0,0.0,
202607051641,2026-07-05T16:45:00Z,2026-07-05T16:41:00Z,M1.4,-4.8411,-2.1952,0.6021,-4.9163,0,,,0,0.0,
202607051751,2026-07-05T17:57:00Z,2026-07-05T17:51:00Z,M5.3,-4.268,-1.7924,0.7782,-5.3513,0,,,0,0.0,
202607051856,2026-07-05T19:07:00Z,2026-07-05T18:56:00Z,M1.4,-4.8261,-2.0947,1.0414,-5.2662,0,,,0,0.0,
202607052114,2026-07-05T21:22:00Z,2026-07-05T21:14:00Z,M1.0,-4.9946,-2.3065,0.9031,-5.5327,1,88.36,14.74,0,0.0,
202607071409,2026-07-07T14:19:00Z,2026-07-07T14:09:00Z,M4.0,-4.3928,-2.015,1.0,-5.9519,1,-48.48,-8.75,0,0.0,
202607081749,2026-07-08T17:56:00Z,2026-07-08T17:49:00Z,M1.5,-4.8074,-2.3017,0.8451,-6.1429,1,-37.71,-9.69,0,0.0,
202607090217,2026-07-09T02:27:00Z,2026-07-09T02:17:00Z,M1.1,-4.9302,-2.5385,1.0,-6.1723,1,-32.48,-9.81,0,0.0,
202607120717,2026-07-12T08:11:00Z,2026-07-12T07:17:00Z,M1.1,-4.9266,-1.715,1.7324,-6.2482,1,73.79,-10.51,0,0.0,
202607201429,2026-07-20T14:36:00Z,2026-07-20T14:29:00Z,M2.5,-4.6014,-2.1859,0.8451,-5.6779,1,-11.1,7.41,0,0.0,
202607201908,2026-07-20T19:20:00Z,2026-07-20T19:08:00Z,M1.1,-4.9577,-2.3796,1.0792,-5.9567,1,-9.59,6.67,0,0.0,
202607202215,2026-07-20T22:25:00Z,2026-07-20T22:15:00Z,M3.4,-4.4603,-1.9062,1.0,-5.8384,1,-6.6,6.81,0,0.0,
202607211716,2026-07-21T17:27:00Z,2026-07-21T17:16:00Z,M1.8,-4.7216,-2.0765,1.0414,-5.5983,1,-1.99,6.79,0,0.0,
202607220627,2026-07-22T06:35:00Z,2026-07-22T06:27:00Z,M3.5,-4.4463,-2.0503,0.9031,-5.8339,1,6.39,6.97,0,0.0,
202607261517,2026-07-26T15:28:00Z,2026-07-26T15:17:00Z,M3.2,-4.4904,-1.9967,1.0414,-5.9801,1,-1.79,-3.27,0,0.0,
202607270232,2026-07-27T02:43:00Z,2026-07-27T02:32:00Z,M1.0,-4.9699,-2.3618,1.0414,-5.9321,1,2.61,-3.6,0,0.0,
202607301553,2026-07-30T17:00:00Z,2026-07-30T15:53:00Z,M1.9,-4.7203,-1.3382,1.8261,-5.6202,1,69.11,17.09,1,18.0,1.75
202608191824,2026-08-19T18:51:00Z,2026-08-19T18:24:00Z,M1.0,-4.9969,-1.9342,1.4314,-5.6888,1,-73.12,5.23,0,0.0,
202608200730,2026-08-20T08:05:00Z,2026-08-20T07:30:00Z,M1.8,-4.7263,-1.7064,1.5441,-5.9676,1,-70.47,2.44,0,0.0,
202608201132,2026-08-20T11:42:00Z,2026-08-20T11:32:00Z,M8.1,-4.0903,-1.3558,1.0,-5.2082,1,-75.08,5.66,0,0.0,
202608201551,2026-08-20T16:11:00Z,2026-08-20T15:51:00Z,M2.9,-4.5263,-1.7282,1.301,-6.0093,1,-64.08,2.95,0,0.0,
202608210909,2026-08-21T09:57:00Z,2026-08-21T09:09:00Z,M1.6,-4.7813,-1.5354,1.6812,-5.9326,0,,,0,0.0,
202608211009,2026-08-21T10:18:00Z,2026-08-21T10:09:00Z,M1.6,-4.7712,-1.8935,0.9542,-4.7985,1,56.66,6.1,0,0.0,
202608241851,2026-08-24T19:36:00Z,2026-08-24T18:51:00Z,M1.7,-4.7495,-1.6246,1.6532,-5.9294,1,-12.68,3.19,0,0.0,
202608250104,2026-08-25T01:26:00Z,2026-08-25T01:04:00Z,M1.9,-4.7012,-1.8544,1.3424,-6.1083,1,-12.41,3.92,0,0.0,
202608250355,2026-08-25T04:02:00Z,2026-08-25T03:55:00Z,M1.0,-4.9829,-2.3398,0.8451,-5.4534,1,-12.54,4.8,0,0.0,
202608250630,2026-08-25T06:40:00Z,2026-08-25T06:30:00Z,M1.8,-4.7347,-2.1636,1.0,-5.9057,1,-12.18,4.62,0,0.0,
202608250932,2026-08-25T10:02:00Z,2026-08-25T09:32:00Z,M6.9,-4.1564,-1.3464,1.4771,-5.6746,1,-4.33,4.05,0,0.0,
202608260629,2026-08-26T06:34:00Z,2026-08-26T06:29:00Z,M2.2,-4.6572,-2.1979,0.699,-6.2393,1,1.16,4.51,0,0.0,
202608261206,2026-08-26T12:14:00Z,2026-08-26T12:06:00Z,M1.0,-4.9814,-2.4393,0.9031,-6.0063,1,5.53,4.54,0,0.0,
202609021857,2026-09-02T19:20:00Z,2026-09-02T18:57:00Z,M3.0,-4.5219,-1.6575,1.3617,-6.3728,0,,,0,0.0,
202609040745,2026-09-04T07:53:00Z,2026-09-04T07:45:00Z,M1.2,-4.9077,-2.3944,0.9031,-6.1703,0,,,0,0.0,
202609051504,2026-09-05T15:18:00Z,2026-09-05T15:04:00Z,M1.0,-4.992,-2.3376,1.1461,-6.3704,1,61.02,-10.35,0,0.0,
